num,name,size,fileOffset,comment,md5,sector
42:,00437599.bmp,12288,224050692,(605 x 169),3f1cf096751b8e65f59246513b72124c,224050692 - NaN
137:,00433410.png,12288,221905975,(486 x 596),d66553be1c1cc9e3e8c3978cf8aabfa8,221905975 - NaN
465:,00625122.htm,578,320062609,,f3b253051f32af53ec06e4e53898e48c,320062609 - 320062610
66:,00612322.htm,6144,313508975,,7d032c1649f477d29e61171514aea387,313508975 - 313508987
514:,00626246.htm,3072,320638020,,7ce7e0e5150cd027f3b54536408347b8,320638020 - 320638027
471:,00625366.htm,2048,320187422,,f73c87fae97bd479c5fd85904ad6f98e,320187422 - 320187426
597:,00629009.htm,3072,322052727,,a32a43b71a3b2972c02862b86cda9157,322052727 - 322052734
556:,00627806.htm,388,321437013,,d9fc82d9ea00cab18c99bc84ef6d9c0b,321437013 - 321437013
211:,00617776.htm,1024,316301667,,263c33d63ad9e63304004ab365071fa7,316301667 - 316301669
332:,00621391.htm,2048,318152519,,3408756a09c9418b917682694227698c,318152519 - 318152523
372:,00622421.htm,1024,318679920,,61bea3bac70d59ca84d05b04c31b84bc,318679920 - 318679922
417:,00623817.htm,1024,319394401,,9a936750c087215a27f74c1524d79eb0,319394401 - 319394404
243:,00618900.htm,494,316877215,,472351c80d5529fb4a7a088486ea6663,316877215 - 316877215
276:,00619983.htm,1024,317431412,,ecfeb3289baa49fd9b2140022c28831f,317431412 - 317431414
143:,00614432.htm,3072,314589614,,f21177158a85dbbd119fad5390db6ee6,314589614 - 314589620
99:,00613077.htm,918,313895807,,bb894ef32e53a06e8cbba689ead42e90,313895807 - 313895808
95:,00613035.htm,1024,313874086,,856041f45f8f814df7940e5f10f97137,313874086 - 313874089
205:,00617478.htm,637,316149236,,998ebdbd50017f6bc13838c63b638340,316149236 - 316149237
198:,00617106.htm,17408,315958544,,ddccef5cfc295f565dcd55dc4f0fc0e8,315958544 - 315958579
592:,00628894.htm,1024,321993745,,8eb42d39e37e685e5ddc783172cf5dc7,321993745 - 321993748
604:,00629096.htm,4096,322097416,,3822387b3ad721b5c7087e5f00290e5f,322097416 - 322097424
493:,00625819.htm,3072,320419338,,6792e2e29043cb80bd785ec87fbb3b52,320419338 - 320419345
328:,00621219.htm,3072,318064222,,b38d3663d7a2693445f06386131a62b2,318064222 - 318064229
350:,00621818.htm,3072,318370957,,2711d00525aae5af24b0b79157771f99,318370957 - 318370963
126:,00614010.htm,2048,314373631,,53e98eece73556e194ce6c64b1be0944,314373631 - 314373635
530:,00626740.htm,1024,320890946,,d886f2110c89719639be1df0a13b22cc,320890946 - 320890949
470:,00625354.htm,1024,320181756,,7d6d772dbc112814c1f5255601f1b583,320181756 - 320181758
414:,00623761.htm,1024,319366133,,f1f1171ce67a7b75ab13ae057cf8f707,319366133 - 319366135
449:,00624621.htm,7168,319805960,,7070346130bac609510c34fd5849c4e3,319805960 - 319805975
590:,00628873.htm,1024,321983086,,421ae766bb2d3f12688802660ebcc606,321983086 - 321983088
469:,00625349.htm,1024,320178911,,7d6d772dbc112814c1f5255601f1b583,320178911 - 320178913
100:,00613127.htm,2048,313921497,,68468b78b29a3ace0c7f7c3bdf5d1b5d,313921497 - 313921501
475:,00625447.htm,4096,320229082,,46195f1117083ee3a36f218d06aa36d2,320229082 - 320229091
168:,00616118.htm,656,315452541,,a8007dfcc78f53df526958980763099b,315452541 - 315452542
212:,00617831.htm,1024,316329600,,be22ac8ecffe932f6f1d2b134eba8a09,316329600 - 316329602
413:,00623725.htm,5120,319347277,,eccc41bf1e44f285b5368ecb7f32e19a,319347277 - 319347287
531:,00626759.htm,3072,320900614,,734a1c92ec3f74b0e6d3cd8c70d68de1,320900614 - 320900621
220:,00618138.htm,780,316486899,,a868d3c80f6fa13f388aaac452a2a8d9,316486899 - 316486900
383:,00623009.htm,1024,318980809,,635e531a582793deefa25090a1805566,318980809 - 318980812
327:,00621199.htm,2048,318054045,,0cc73b6b0e27edb981501bd564de3213,318054045 - 318054050
80:,00612717.htm,736,313711305,,3ca33de4d99d369db246489c54fa10f1,313711305 - 313711306
65:,00612311.htm,734,313503531,,5873aedcc9d2bd2c6117436c2120ea0e,313503531 - 313503532
228:,00618396.htm,3072,316618965,,1e8d754f8b407c0b73f7070b01105ef6,316618965 - 316618972
105:,00613314.htm,3072,314016833,,cd4128e22490e2418a4fe2ba475959ac,314016833 - 314016840
558:,00627887.htm,2048,321478354,,baed80db5f14bbaa5b340cafcd2b3139,321478354 - 321478358
396:,00623331.htm,1024,319145626,,8e5d15081e0d264f597fd9e5fa9871ee,319145626 - 319145629
388:,00623103.htm,3072,319029159,,b02a793c68348f2d858b62930ef353b1,319029159 - 319029166
340:,00621556.htm,4096,318237021,,2c4ab9133f064323085b81b806575566,318237021 - 318237029
363:,00622133.htm,126,318532183,,21f195215ef86ec3f83af26f4e553e7b,318532183 - 318532183
580:,00628633.htm,3072,321860366,,53dd017bdf41652814a00c6ab2fcc829,321860366 - 321860372
152:,00614741.htm,1024,314747537,,56b055937fce43f7b8b8a15e2d2c29a9,314747537 - 314747540
547:,00627623.htm,1024,321343274,,7ef82350ad605b24ec0a5b995415f342,321343274 - 321343277
135:,00614190.htm,1024,314465381,,73ed28b68d902739dee8a82802923986,314465381 - 314465383
352:,00621878.htm,3072,318401893,,3abae2df530c64be94e142a492e2d96e,318401893 - 318401900
172:,00616266.htm,1024,315528699,,489c1a546178882e7c969be706ae3ca6,315528699 - 315528701
297:,00620538.htm,1024,317715620,,71f0054b209cc112d54d654386dadae9,317715620 - 317715622
318:,00621059.htm,2048,317982428,,e147f6695c2bd207d2bd684923b0c721,317982428 - 317982433
599:,00629056.htm,1021,322076969,,44b49a690bc1945bb9355b509f4b2c17,322076969 - 322076970
189:,00616672.htm,3072,315736209,,73f5ea97bb3e9911982b938da4c424af,315736209 - 315736216
201:,00617367.htm,4096,316092286,,a9565cf754099f4d804bead66912b8c5,316092286 - 316092295
83:,00612773.htm,4096,313739835,,3ab0b1bab0354f3ff3ab300abaaf36d7,313739835 - 313739843
194:,00616931.htm,1024,315868996,,f177b9c0cbcb8a0768b9fa1014759c1e,315868996 - 315868998
499:,00625990.htm,1024,320507343,,efc10696e9fa1a0d0bae0f82b9fc6250,320507343 - 320507345
385:,00623030.htm,1024,318991568,,6fc0a132f0a013903935560dfeefab94,318991568 - 318991570
266:,00619735.htm,3072,317304587,,d2d60e87bb8a8da584038cc86ac65c6c,317304587 - 317304594
375:,00622478.htm,383,318709088,,3b7d2c7f9342d2b482c0db8fd2f850c2,318709088 - 318709088
343:,00621601.htm,17408,318260175,,e9375954ad8cafdfd179986fb8d7916a,318260175 - 318260209
392:,00623207.htm,3072,319082182,,4e7d15f5bebc9d6143900c62b1a35414,319082182 - 319082188
98:,00613071.htm,1023,313892572,,40b75b8b51883cf2e5d6107dd56dc4f0,313892572 - 313892573
362:,00622129.htm,497,318530454,,8fb613cf8126af7131265a20a1200c62,318530454 - 318530454
176:,00616344.htm,1024,315568447,,795e5230e666379d6b7c2a48b703be67,315568447 - 315568450
330:,00621353.htm,3072,318132817,,d858cf347c81d30021b48fe327668bdc,318132817 - 318132823
433:,00624297.htm,3072,319640414,,9fd3fed90129ff2a8c5fdeb8d1b3288f,319640414 - 319640421
569:,00628246.htm,396,321661988,,72eff94596f90d98601b72cae4fc2491,321661988 - 321661988
261:,00619539.htm,1024,317204408,,731735a7a83ec3bffdd76666c590257f,317204408 - 317204410
275:,00619928.htm,824,317403466,,5734d3f7fcbefcd965988f24e7648dfe,317403466 - 317403467
284:,00620153.htm,5120,317518524,,5f348d8ce850433ce719f7841ad3549a,317518524 - 317518535
226:,00618332.htm,1024,316586390,,efcfde6b161f5fea85d40f79367ae044,316586390 - 316586393
613:,00629231.htm,3072,322166431,,738e8674897c6d63862d5dfbc9a5fc14,322166431 - 322166437
505:,00626074.htm,1024,320550071,,91132305e5ccc0b654a347dcdc78804b,320550071 - 320550073
233:,00618514.htm,3072,316679359,,4d76c3592fa99e02f5c63ff8319ea9aa,316679359 - 316679366
586:,00628798.htm,1024,321944980,,6ee4fff20112a1176fe97bb0a8125bea,321944980 - 321944983
55:,00612073.htm,4096,313381655,,fa7f166ae7ef198c54e6c497b4fcce24,313381655 - 313381663
446:,00624563.htm,2048,319776690,,429c8b1a4754cf06c58ecf8d9f8e817a,319776690 - 319776694
79:,00612710.htm,1024,313707879,,2d18a57e547631fb62fa6f7314d013c1,313707879 - 313707882
593:,00628903.htm,2048,321998829,,4b257e8dd1a8d80b4eb63c2dc4c42d55,321998829 - 321998833
476:,00625467.htm,3072,320239406,,7bc07ef3376cf49eab528b55733ff060,320239406 - 320239413
271:,00619853.htm,17408,317365203,,e97df869b2f535fdf7bcc094aa5c5d40,317365203 - 317365237
588:,00628859.htm,1024,321976138,,69e782b11477e0235213aa9af8d88dd8,321976138 - 321976140
223:,00618273.htm,1024,316556135,,b1e63c93a8b083c9ab65b61c2762f8c6,316556135 - 316556137
163:,00615198.htm,4096,314981808,,6ccbd3e7b6293f1383fdae21059da1fe,314981808 - 314981816
92:,00612973.htm,3072,313842577,,94e1e7b0ea40037d680e75afa245518a,313842577 - 313842583
153:,00614748.htm,195,314751486,,2aa676b5376856ce9557638aaa1a814c,314751486 - 314751486
429:,00624207.htm,3072,319594397,,b6a01fbc5b664a127470e8bd3dc9e8aa,319594397 - 319594404
395:,00623289.htm,3072,319124139,,8a8d0a81c854af52a9cad0279a004dd3,319124139 - 319124146
304:,00620742.htm,1024,317820213,,d8bbdb9a4e209c512e4c9f65321e2567,317820213 - 317820215
335:,00621461.htm,1009,318188360,,69d9e71f389785cc47fe2622326ee8c2,318188360 - 318188361
320:,00621083.htm,3072,317994788,,ab0b3ccf5fd15c734334093ca7761cbc,317994788 - 317994795
101:,00613169.htm,1024,313942936,,78ebe724c1e7d0ffd5c76f891c0348f3,313942936 - 313942938
274:,00619923.htm,740,317401004,,fae79bec0236473dc8ca36ccc03e8d96,317401004 - 317401005
427:,00624156.htm,604,319568139,,5f92115982915ef5f083bc0f3b366981,319568139 - 319568140
423:,00624020.htm,2048,319498443,,ee06fe35af0fdf21390879ee5507676b,319498443 - 319498448
492:,00625807.htm,1024,320413501,,0af433470748cc3af119d24ca47962d8,320413501 - 320413503
521:,00626542.htm,1024,320789588,,062bb3300e776cfd290e55c8022971ce,320789588 - 320789591
187:,00616619.htm,3072,315709181,,14e06912cb6e4c1de127089cd2fa6132,315709181 - 315709187
249:,00619166.htm,2048,317013114,,eed64d445d0f1816887456ac8773f9be,317013114 - 317013118
563:,00628025.htm,2048,321549159,,8d7ea3aeee6aa08e11584054833d3458,321549159 - 321549164
346:,00621679.htm,3072,318300120,,4699b680d0a8fbd2a7d28599884b4f58,318300120 - 318300126
357:,00622018.htm,3072,318473448,,9f4142de00cb5f094bd0b1d97626091c,318473448 - 318473454
50:,00611937.htm,3072,313312073,,1e1abe0d8b0c3624017e2a25997ac7c3,313312073 - 313312080
132:,00614113.htm,3072,314426102,,9accac1158f67df8421145137ffeb73b,314426102 - 314426108
270:,00619826.htm,497,317351202,,fd44a6fb26d49f06702a2c59348d4835,317351202 - 317351202
366:,00622207.htm,30,318570468,,8ddd0acabf21056fce7215a4d07a3518,318570468 - 318570468
85:,00612866.htm,3072,313787538,,545857ced411a3c0287ab7fe66ec7918,313787538 - 313787545
267:,00619772.htm,2048,317323470,,af2e55ba5192a1dcd649e8e3df08d5b5,317323470 - 317323474
257:,00619398.htm,21504,317131782,,e2329e9c2dd9b54e9a4d834ba80afe86,317131782 - 317131825
160:,00615156.htm,5120,314959948,,73d28fb8242f4a9fdf590a86d93fe9a0,314959948 - 314959958
147:,00614622.htm,11264,314686838,,c7abcb0253a4a15bcb31f73c1a7dfd69,314686838 - 314686861
241:,00618816.htm,1024,316834232,,66e9ca64ca4fcb6160685c6325e21b02,316834232 - 316834235
159:,00615150.htm,569,314956833,,a6830924ac132126ae03e77a91e2f043,314956833 - 314956834
210:,00617736.htm,3072,316281303,,998b9fac2538fac50e6ea14f42a2a1dd,316281303 - 316281310
473:,00625416.htm,3072,320213019,,0a94c5b94ae579b82ffc205a3d214755,320213019 - 320213026
118:,00613643.htm,2048,314185605,,0c124fbfa13742d5ac11f37a90eb19bd,314185605 - 314185610
60:,00612196.htm,406,313444417,,178578cb3917a107990cc28634763055,313444417 - 313444417
598:,00629026.htm,3072,322061573,,8613d05fffc7d69c68d94dddab5750bb,322061573 - 322061580
387:,00623066.htm,1024,319009896,,da2c35df85b3bfc64fe0860adedd7c71,319009896 - 319009899
188:,00616644.htm,3072,315722092,,98c185ab0abee857da244bbb22a422a8,315722092 - 315722098
402:,00623486.htm,3072,319225039,,6a13cf538d3e5a0cbb4cd742251d15f2,319225039 - 319225046
158:,00615145.htm,569,314954677,,a6830924ac132126ae03e77a91e2f043,314954677 - 314954678
578:,00628586.htm,2048,321836357,,f846888ca3addc67bb32ca9158c4304b,321836357 - 321836361
179:,00616408.htm,3072,315601394,,dd4c0b57049313227314502a0cd2e4af,315601394 - 315601401
46:,00611846.htm,4096,313265387,,7298c89754a2a08806d2da629862056f,313265387 - 313265395
283:,00620120.htm,1024,317501811,,f2f09c79eb575af5fed3b876f2e76b45,317501811 - 317501813
175:,00616318.htm,2048,315554907,,79577cd0d8cd0b297990f950f1d20084,315554907 - 315554911
552:,00627705.htm,443,321385051,,6d6168cb69f69e8000c1efd8688f4bcf,321385051 - 321385051
434:,00624334.htm,1024,319659076,,e7a01b67d22f8446ffccb443b161fda5,319659076 - 319659079
62:,00612286.htm,1024,313490886,,ac003ccb8eaab04049e4dba619a4b178,313490886 - 313490889
455:,00624792.htm,3072,319893824,,836b65eb2b020d1f5e934a3aa3b49a36,319893824 - 319893831
131:,00614098.htm,2048,314418316,,12945e2115148815e6abb050fe8f44ef,314418316 - 314418321
551:,00627700.htm,501,321382565,,de22e467a118f2d0c2037f9394b4369b,321382565 - 321382565
195:,00616967.htm,1024,315887404,,3c9795ecbe9c3df4a3fefc0dd78faeef,315887404 - 315887406
589:,00628866.htm,1024,321979491,,2e534504634aa1a6bf81c8f7a8b91b1e,321979491 - 321979493
94:,00613016.htm,2048,313864575,,0b9d79fce6e36799054459df13e4801b,313864575 - 313864580
285:,00620180.htm,1024,317532407,,73234fe98db14ffa88b924dbf15bdce7,317532407 - 317532410
487:,00625704.htm,632,320360675,,0a4a8fb7a23476b08a08ec69431b3abd,320360675 - 320360676
491:,00625786.htm,1024,320402744,,7d6d772dbc112814c1f5255601f1b583,320402744 - 320402746
308:,00620905.htm,2048,317903868,,1e03764901c6db8dcb4285c2ae1028b8,317903868 - 317903872
453:,00624737.htm,2048,319865788,,912d0db7c23911ad69246351c1b949e3,319865788 - 319865792
600:,00629062.htm,1024,322080029,,31c49a367a0b37dd8d774cb12387e5ae,322080029 - 322080031
584:,00628714.htm,2048,321901685,,5df329ff8f781db76a7a9dd229669d2a,321901685 - 321901690
8:,00102704.htm,2048,52584860,,82ea7e0cc51632573133a442e4472efe,52584860 - 52584864
182:,00616485.htm,1024,315640730,,e74660bd9e68c585a300d5b0a58a0042,315640730 - 315640732
294:,00620438.htm,462,317664583,,5d0e4283a0bf9c3aec04b9b0a55fe46f,317664583 - 317664583
49:,00611923.htm,1024,313304850,,0b3fe0a295e1adc7ddd37112032a6394,313304850 - 313304852
381:,00622999.htm,877,318975697,,419c0285883c2c2d91c82258260f8332,318975697 - 318975698
151:,00614730.htm,2048,314741954,,9f6e88236d56c0c5c9f5c92c9a466d6b,314741954 - 314741958
113:,00613536.htm,2048,314130877,,3c9cb5940412c646ce66ac59ea5555db,314130877 - 314130881
302:,00620650.htm,3072,317773130,,0beacc66a37a0e30c8c263c65e3cd5ad,317773130 - 317773137
81:,00612721.htm,742,313713637,,520eab757bf5a9daba199db8a2155dcf,313713637 - 313713638
484:,00625624.htm,491,320319885,,19e8aadf083a286194f82263aa79043a,320319885 - 320319885
286:,00620187.htm,390,317536228,,fddf59adac31b5f80682feca55544840,317536228 - 317536228
82:,00612740.htm,6144,313722918,,a84ed2fdbc72570b64190fadf559df21,313722918 - 313722930
102:,00613202.htm,905,313959718,,85959d0f9712ab144368ff889aeb73f7,313959718 - 313959719
380:,00622977.htm,1024,318964391,,7129b192822c7a69afbdc730e2eef86b,318964391 - 318964394
386:,00623041.htm,3072,318997234,,9b39e25eb52e256d43d314fdfe763802,318997234 - 318997241
496:,00625949.htm,3072,320486033,,adf9d397face261873d62e4038311965,320486033 - 320486039
438:,00624367.htm,3072,319675966,,dc845457275cb9cce1e72076bb1097e9,319675966 - 319675973
54:,00612053.htm,5120,313371632,,2828c480e4f83ff819887d176f94f7bf,313371632 - 313371643
192:,00616769.htm,37888,315786057,,c9f539f132524151df267ca7b948c011,315786057 - 315786132
358:,00622042.htm,1024,318485702,,8b0e871057d9dc6a8ee2e3a49d5d665c,318485702 - 318485704
269:,00619795.htm,392,317335118,,6f8726610ea54c8d3561a2a979b229d4,317335118 - 317335118
543:,00627522.htm,4096,321291304,,400296c21a7d45f1b9b9a8a618664fa9,321291304 - 321291313
298:,00620565.htm,505,317729513,,e125670fca524f567767c580b608c52d,317729513 - 317729513
310:,00620922.htm,1024,317912329,,47a38a3921a4e4902d8d017fac0162df,317912329 - 317912331
311:,00620936.htm,2048,317919273,,b040466fbfdad6f8eeeb43a5e05e4833,317919273 - 317919277
237:,00618685.htm,3072,316766749,,0a0d157c1a10f618f6ed6518fa1ad873,316766749 - 316766755
596:,00628992.htm,2048,322044393,,925798a9df9776c8896d58ed1ea6555c,322044393 - 322044397
339:,00621527.htm,3072,318222253,,ea1afc552145a595095e6d932a824a45,318222253 - 318222260
154:,00615041.htm,1024,314901394,,27d0e952a05f31a424760568639d6e29,314901394 - 314901396
232:,00618466.htm,1024,316654646,,4d18237ec76bf18d9cf4169a78c665ed,316654646 - 316654648
527:,00626698.htm,632,320869523,,0a4a8fb7a23476b08a08ec69431b3abd,320869523 - 320869524
411:,00623666.htm,1024,319317074,,c85358385833ce9922918d1c292f7809,319317074 - 319317076
326:,00621188.htm,3072,318048661,,87e6ae40782a81b81638474ad94053c3,318048661 - 318048667
512:,00626190.htm,3072,320609581,,f66633c304d08a589e1f709d9086a9c7,320609581 - 320609588
349:,00621791.htm,3072,318357375,,fe755d8a26ae60c0c49c7e7c9b30629f,318357375 - 318357381
377:,00622582.htm,6144,318762307,,4a64fdd86f5a86963d9496ea763228ce,318762307 - 318762319
454:,00624750.htm,3072,319872385,,c89c5164ee89e03d9f01dbcac7677f89,319872385 - 319872391
359:,00622049.htm,1024,318489473,,f1ef98875042c25bde6f53a20a05e7db,318489473 - 318489475
525:,00626596.htm,48128,320817484,,f1717cddc4cc7a05f428086e7f41ac91,320817484 - 320817578
191:,00616740.htm,3072,315771040,,5699cdb03f5cc18966896a8cd05e3dc4,315771040 - 315771047
608:,00629147.htm,1024,322123463,,b20273ca8abbdb86f53f42ab6778824b,322123463 - 322123465
576:,00628453.htm,3072,321768237,,1b2f8b2e4b422e60da6a10a0d83a4162,321768237 - 321768244
178:,00616372.htm,428,315582759,,cf38fdbb1a67054f114417ead79c5e40,315582759 - 315582759
564:,00628052.htm,1024,321562933,,203688c8419c09dd4d03f85adcb26a5e,321562933 - 321562936
602:,00629077.htm,874,322087591,,d47174c041b9be1f0cf35f7fc3a89de1,322087591 - 322087592
523:,00626564.htm,917,320800857,,d3b3a853dbfb6b2c6e213fc16c573c3c,320800857 - 320800858
472:,00625391.htm,2048,320200561,,14a407948ab5cd5e4a15824edc052ca2,320200561 - 320200565
321:,00621110.htm,3072,318008697,,cbcbb4d1bf7b1963cb5c67c371668562,318008697 - 318008704
148:,00614648.htm,281,314700201,,52aac11ec4342c4402f6a84a228c5fa2,314700201 - 314700201
554:,00627770.htm,1024,321418367,,256ae3d74f749bcf425a37bd5dca3ab4,321418367 - 321418370
89:,00612949.htm,1024,313830113,,13aaf13687fbd69fb753809b03af6344,313830113 - 313830116
250:,00619209.htm,1024,317035128,,aeb235a025004f08403b083e1c1e8256,317035128 - 317035131
141:,00614414.htm,730,314579990,,d447f687a726b9688a24d8d35c397fa2,314579990 - 314579991
409:,00623630.htm,2048,319298695,,2e9f9d0532abe604634a25b7ee60fc58,319298695 - 319298699
573:,00628381.htm,1024,321731316,,b44c44eb980300ef1efa3abdf9335895,321731316 - 321731318
456:,00624824.htm,3072,319910238,,bbce2b8eecbdbed2a1273df7790fe78f,319910238 - 319910245
415:,00623777.htm,4096,319373855,,49210b524eb797ef1db2ec9670f3526c,319373855 - 319373864
133:,00614133.htm,1024,314436524,,b28b67ac218b3004be99bd245dac7c8d,314436524 - 314436526
265:,00619701.htm,3072,317286997,,8cca2fb3a7ebd84fa13b36442883250f,317286997 - 317287004
489:,00625728.htm,1024,320373144,,4919eaa1b8b3e374ecfd7791dffbacc7,320373144 - 320373146
430:,00624244.htm,3072,319613079,,ff8b6cf586e88e19855517261d955d38,319613079 - 319613086
384:,00623016.htm,1024,318984342,,635e531a582793deefa25090a1805566,318984342 - 318984345
428:,00624192.htm,2048,319586803,,08bbea3aa9c8b888bf39c1e8475c57ed,319586803 - 319586808
316:,00621028.htm,2048,317966681,,bb2a84200018d8fc512239988d4723ef,317966681 - 317966686
450:,00624669.htm,1024,319830742,,2104441eb1a75470441f5b88f5a67fe9,319830742 - 319830745
609:,00629153.htm,1024,322126572,,97205ee2dc011e96a886a1ea0a19cfce,322126572 - 322126574
331:,00621376.htm,2048,318144575,,4b6bd9199bbbfa6452e12bd465447f11,318144575 - 318144579
260:,00619534.htm,1024,317201839,,22912c4070d12a27060349558ff5d45d,317201839 - 317201841
235:,00618575.htm,3072,316710627,,0273098640ca6bb4f18fcd09a2b168d8,316710627 - 316710634
52:,00612017.htm,1024,313352911,,6bc4610fff31da7616a1b3a04d2c8f29,313352911 - 313352913
278:,00620000.htm,2048,317440466,,d91190d79cd10504c47e19cd141c4aff,317440466 - 317440470
401:,00623458.htm,3072,319210644,,f7ef8ca237a20761270eb38aafbe7f1f,319210644 - 319210650
209:,00617696.htm,617,316260586,,00ca4e5a66a7722bd65c69d8bd1e6e1c,316260586 - 316260587
513:,00626224.htm,433,320627170,,f144f08b870e5bc0da1e3a565e18693d,320627170 - 320627170
444:,00624528.htm,384,319758785,,4e9531de8285f951f5a0008df3deef64,319758785 - 319758785
253:,00619294.htm,824,317078988,,ccf53a34002ae7f19ffae669e50a7846,317078988 - 317078989
248:,00619139.htm,2048,316999360,,fa35e36bfdfbe6e418f3865260483232,316999360 - 316999364
272:,00619905.htm,1024,317391606,,b65a0328ca6cc07b6489420fbe16258b,317391606 - 317391609
287:,00620218.htm,10240,317551830,,277fc0d730dbb25704f40e1b0a1d9c01,317551830 - 317551850
498:,00625978.htm,1024,320501238,,7d6d772dbc112814c1f5255601f1b583,320501238 - 320501240
221:,00618192.htm,781,316514735,,98cb212f8a94811edd12f191df8fd91c,316514735 - 316514736
142:,00614421.htm,1024,314583706,,9f01b2b7e4e185bc12ae28b79a1efd93,314583706 - 314583709
120:,00613744.htm,3072,314237172,,3861b39f44231b42241731d90659d10f,314237172 - 314237178
526:,00626694.htm,632,320867355,,0a4a8fb7a23476b08a08ec69431b3abd,320867355 - 320867356
378:,00622894.htm,457,318921969,,829793820314abbffbaebdab71ca897b,318921969 - 318921969
290:,00620326.htm,22528,317607062,,a5f733f6c08241fe3e5f1c70faa62b65,317607062 - 317607106
181:,00616480.htm,1024,315638046,,e74660bd9e68c585a300d5b0a58a0042,315638046 - 315638048
169:,00616179.htm,1024,315483945,,170e205f686ebf02eaf4200e285d9de3,315483945 - 315483948
252:,00619247.htm,3072,317054648,,dc4987ba45d525a6814f926282b134a9,317054648 - 317054654
497:,00625973.htm,1024,320498389,,7d6d772dbc112814c1f5255601f1b583,320498389 - 320498391
161:,00615171.htm,5120,314968034,,b0c517940ddd9d98ddc86ae2bc39a1d9,314968034 - 314968044
426:,00624116.htm,607,319547612,,49d4dce0f46b9c657328593b625ca099,319547612 - 319547613
394:,00623260.htm,3072,319109222,,ea03e0dac56403919e0de133813009dc,319109222 - 319109228
124:,00613964.htm,4096,314349604,,7492d846fd8743a0a6733b588da628ba,314349604 - 314349613
107:,00613362.htm,398,314041677,,a02bb2d349fb8d2431b01e5687713133,314041677 - 314041677
277:,00619991.htm,1024,317435676,,c0133be78f26bdf0f2f953352762340b,317435676 - 317435678
506:,00626080.htm,2048,320553317,,40f6f282737cc82a0381201ada2f0d35,320553317 - 320553321
559:,00627924.htm,1024,321497382,,a3c8d6f200d47835bffbc25506e4dd21,321497382 - 321497385
238:,00618704.htm,2048,316776942,,71dfa37802ae83b773999101231ca0de,316776942 - 316776946
459:,00624989.htm,342,319994757,,b0db4883f8619c87b108cb5614659d8f,319994757 - 319994757
419:,00623847.htm,869,319409681,,8f04762c4963df7f913d2b0be001d027,319409681 - 319409682
229:,00618447.htm,1024,316645214,,e28ad3ddf57109fe833c12343740f415,316645214 - 316645216
77:,00612608.htm,1024,313655746,,8f8a75884428ba43c49f89a94112bae3,313655746 - 313655749
329:,00621236.htm,356,318073122,,d99f552766cf18b34dd4936d694156e1,318073122 - 318073122
437:,00624360.htm,831,319672534,,83b9144631428fed62be408a3d22a580,319672534 - 319672535
336:,00621474.htm,14336,318194708,,ba3c4f7c3c34ffcd54eba31c728ebac1,318194708 - 318194736
565:,00628084.htm,13312,321579155,,8e6bcaf234bd569f0905b00ec3dca8df,321579155 - 321579182
224:,00618282.htm,2048,316560430,,c0b67f6dc0329d927212abcbdde0753a,316560430 - 316560434
488:,00625708.htm,632,320362938,,0a4a8fb7a23476b08a08ec69431b3abd,320362938 - 320362939
58:,00612181.htm,1024,313436727,,4d20969b626a4603dab8d729f8c25102,313436727 - 313436729
432:,00624281.htm,2048,319632343,,08bbea3aa9c8b888bf39c1e8475c57ed,319632343 - 319632348
104:,00613284.htm,3072,314001607,,ca266f6ea9720663a0791bf7f8875735,314001607 - 314001614
555:,00627783.htm,3072,321425302,,7ff4be896c4d94071a3ceae5e5039fba,321425302 - 321425309
344:,00621639.htm,258,318279210,,644eefafc51faa05b911b2d3ce5a7a1e,318279210 - 318279210
507:,00626096.htm,2048,320561310,,08b3d4f4ff3d32adc10a53fd89dd3bdc,320561310 - 320561314
109:,00613409.htm,329,314065798,,d0b9440a8df56bf73267a9db8cea4363,314065798 - 314065798
356:,00621962.htm,2048,318444625,,5d207a842676f1e1a97d3768e2307021,318444625 - 318444630
193:,00616864.htm,5120,315834854,,9a08d4ce34813ee9bb159ac331be7c47,315834854 - 315834864
468:,00625320.htm,388,320163874,,f717dbb98a81f20cdffbd254de9edff2,320163874 - 320163874
368:,00622305.htm,2048,318620472,,3bd54f1ca0058ab083221d0e1dcbef9a,318620472 - 318620476
71:,00612413.htm,871,313555647,,42bc82ced2fd3040eeb405652ef0ad26,313555647 - 313555648
510:,00626177.htm,381,320602865,,e31eafeb5b778f1c622e62559811ec89,320602865 - 320602865
466:,00625195.htm,49152,320099867,,c55a709264cf655acdfc26e2e620124c,320099867 - 320099964
263:,00619573.htm,2048,317221497,,29d58a573baa50771c77ea0d075d8877,317221497 - 317221501
121:,00613806.htm,18432,314268857,,fede6fa1d0365a392f1208be3716987f,314268857 - 314268893
186:,00616581.htm,973,315689507,,c7b06b5c153a9e22ae6297eaa3a3219e,315689507 - 315689508
216:,00617961.htm,1024,316396252,,8669b2a2538fca6b06a68c74647059d2,316396252 - 316396255
574:,00628389.htm,1024,321735644,,5a4d807e5896e85bd89a9c25d6e5daa7,321735644 - 321735647
307:,00620861.htm,14336,317880932,,c06e0538ce54f31d059699e1aba99ab1,317880932 - 317880960
389:,00623169.htm,3072,319062953,,cc6d22a8254235d8bff8984067406b51,319062953 - 319062960
251:,00619218.htm,2048,317039816,,84ffe81b7e1ee50dbd956283dd32de2e,317039816 - 317039820
43:,00611723.htm,1024,313202209,,665c585e8716c40ad6502546d6ecd3b2,313202209 - 313202211
86:,00612914.htm,881,313812096,,77fcb6a259166ae906ffd07d96152d01,313812096 - 313812097
301:,00620614.htm,13312,317754740,,a0e6031f847f79027e2aaffcf0137ac4,317754740 - 317754766
108:,00613404.htm,1024,314063342,,6461b9dfb8c551fc395edaf8f19b1640,314063342 - 314063344
53:,00612029.htm,1024,313359320,,7f9b248e5b8a3aff3bcae45b8de7f257,313359320 - 313359323
342:,00621593.htm,2048,318255828,,52279163aee60989ef9da954179c779b,318255828 - 318255832
313:,00620982.htm,239,317942997,,ab5d66b9e9f2c3cb8034e5479763dfda,317942997 - 317942997
397:,00623370.htm,1024,319165517,,f83bcc66dc7ea090cce8913672d9dabc,319165517 - 319165520
606:,00629129.htm,4096,322114054,,fe1d96b6d19e6cacc36107510880e5d6,322114054 - 322114062
516:,00626308.htm,3072,320669794,,a4087f0f9fa96099beef8fb1ebb6e1b4,320669794 - 320669800
112:,00613492.htm,14336,314108092,,13c9c56f8bd8b952f4f15e62a63a9a8a,314108092 - 314108120
145:,00614537.htm,3072,314643050,,827a2c3ad5798ecc6fa936219849fa78,314643050 - 314643057
418:,00623842.htm,863,319407301,,6643580a9d19d494128eed1c0c1de4a5,319407301 - 319407302
202:,00617406.htm,1024,316112242,,f1682fcbf7b68896208fdeb6e8a88873,316112242 - 316112245
403:,00623516.htm,1024,319240648,,1c331041c1e35a1b5b68891f6f3e9315,319240648 - 319240650
500:,00626011.htm,1024,320518139,,4d6e80981785419b6cc1d87cc4e25d48,320518139 - 320518141
607:,00629141.htm,1024,322120370,,1a8424cd305283969b93262bed7dc9c5,322120370 - 322120372
227:,00618358.htm,2048,316599388,,7febabfabdbce98e5359aa4cf28fbc3d,316599388 - 316599392
323:,00621153.htm,3072,318030399,,34c6f44b32d01af952bda9744e9d69d6,318030399 - 318030405
532:,00627069.htm,3072,321059814,,d39f872824c389f2e66ca47af737cb30,321059814 - 321059820
325:,00621173.htm,5120,318041024,,597a3f6df3aa1847e56fc6dea60d0809,318041024 - 318041034
111:,00613461.htm,3072,314092042,,70b10aea403d48e0303be2b6d9875443,314092042 - 314092049
431:,00624274.htm,1024,319628384,,5ceb70f84e136c91c4260e5de5f57a64,319628384 - 319628386
324:,00621162.htm,2048,318035118,,c351508250f40368a7e0dff18256cb98,318035118 - 318035122
64:,00612307.htm,741,313501189,,e748b4cbe448f5a08cb8dd2093e1ed3f,313501189 - 313501190
406:,00623545.htm,1024,319255523,,313cc2a5427853610b67f4200229c20a,319255523 - 319255526
405:,00623531.htm,1024,319247934,,a4f1a4a116a8a509f72f5e60ef658835,319247934 - 319247937
537:,00627262.htm,3072,321158441,,750aa2701b0104062c3503d911295ac5,321158441 - 321158448
156:,00615076.htm,2048,314919134,,2d3c9d69b764c44ec1305348d8107b6d,314919134 - 314919138
240:,00618768.htm,2048,316809229,,e45f97090f4ca5047160e674df82d9ac,316809229 - 316809233
614:,00629252.htm,3072,322177117,,2eaba314f804fe00430fce81d292b9c4,322177117 - 322177124
370:,00622340.htm,898,318638147,,019bff16558a63707b56ce2c0dc9ab2a,318638147 - 318638148
87:,00612919.htm,881,313814534,,5e409a3f2dd73afefd906bb33e901d2d,313814534 - 313814535
319:,00621068.htm,2048,317987046,,e147f6695c2bd207d2bd684923b0c721,317987046 - 317987051
110:,00613416.htm,1024,314069178,,fe5691e6c94a585a745711104610698a,314069178 - 314069181
256:,00619313.htm,1024,317088766,,b51e0931b669e3d29268f9bf16f891da,317088766 - 317088768
305:,00620792.htm,3072,317845640,,9937fd2999009fd263b5a90a76b3556a,317845640 - 317845647
445:,00624555.htm,1024,319772180,,7e28ef46a655a0ad96cbdfdbcc0becd8,319772180 - 319772183
128:,00614065.htm,1024,314401356,,7662ec2bef5a26bfa9473c58274ea7c9,314401356 - 314401359
517:,00626344.htm,3072,320688423,,5c333be3e822f8c7f9da2841a5277530,320688423 - 320688430
364:,00622177.htm,1024,318554857,,f3b7852214280199902f2cde2e94a304,318554857 - 318554859
610:,00629159.htm,1024,322129647,,422270f681f23a7a6b1ffc444d80b468,322129647 - 322129649
96:,00613043.htm,1024,313878232,,0727cbc4d52a8374d09b743193bd412f,313878232 - 313878234
91:,00612965.htm,1024,313838460,,1209736aa8f09cfd3f361a871eb39504,313838460 - 313838463
390:,00623191.htm,545,319073803,,8b99e7b9b4ce8cc89ab5d60f1df3df85,319073803 - 319073804
519:,00626391.htm,4096,320712432,,fbe04dec3970ee6aea69c1f5a4befa30,320712432 - 320712441
295:,00620482.htm,1024,317687075,,11d2af4a0e228023687b5cdcea3cce3c,317687075 - 317687077
90:,00612958.htm,1024,313834628,,d873f96ec2fd9f4e6cba81803e066a3f,313834628 - 313834630
317:,00621047.htm,4096,317976453,,c8f1d5e8b87a2af6a433ce1d1fa22aa3,317976453 - 317976461
568:,00628222.htm,1024,321650151,,dae5fc9ff93d04012cce61feb8a0a3b5,321650151 - 321650153
422:,00624002.htm,1024,319489118,,948d1763b97c4bbfdb23555da45b56db,319489118 - 319489121
369:,00622316.htm,2048,318625989,,58b97669af26e33cbd95992f7adb50df,318625989 - 318625993
190:,00616723.htm,1024,315762615,,1c5c32da370a0b535adf13f482fb1050,315762615 - 315762617
601:,00629072.htm,874,322085172,,22268ae71816e00382192ba2688af142,322085172 - 322085173
549:,00627668.htm,3072,321366049,,7feedfbb411e6793fb77a30c88fa25ad,321366049 - 321366056
440:,00624404.htm,3072,319695041,,d381f7f23e5e504dedc281f1dde976c6,319695041 - 319695048
309:,00620915.htm,1024,317908591,,c0fe0423fd00538fc2410ffa44fbaafd,317908591 - 317908593
206:,00617492.htm,3072,316156125,,c0baa4f666c430cd0c85375941ee218a,316156125 - 316156132
509:,00626147.htm,3072,320587559,,aae5e1ce9b95d5509ed52c41ec9f67e0,320587559 - 320587566
219:,00618053.htm,4096,316443454,,c19e35d84a22fbfc5c378f6bc5c38183,316443454 - 316443463
122:,00613865.htm,11264,314299122,,fb65937db221ca9d124d61af7cd2dd3c,314299122 - 314299145
367:,00622235.htm,3072,318584325,,fff324e9560591c7a8c3fe6c329e3820,318584325 - 318584331
47:,00611874.htm,2048,313279493,,5469de3bb14af91defc0861b406b076d,313279493 - 313279498
44:,00611749.htm,3072,313215910,,12bdae73ecb666f70072f4f077e0c7f2,313215910 - 313215916
69:,00612386.htm,3072,313542141,,4187185f10426ae7cd396a5190059ea0,313542141 - 313542148
234:,00618542.htm,376,316693610,,909e9fe150a55edea587670e0081bf71,316693610 - 316693610
341:,00621581.htm,2048,318249879,,c8c723bf0e944cb24b24cac55b280f85,318249879 - 318249884
482:,00625564.htm,3072,320288959,,373b6602d00cefd112d5d1ecba70361d,320288959 - 320288966
548:,00627646.htm,1024,321355125,,38264e5762099debd431f7a32636ac88,321355125 - 321355127
424:,00624046.htm,383,319511592,,9d87705c6040697cb00a77752946352e,319511592 - 319511592
289:,00620289.htm,3072,317588171,,bc31d325da36626b945e82ce79342030,317588171 - 317588178
213:,00617860.htm,1024,316344618,,099c5877ec8fdc9e4c247a0c91219e90,316344618 - 316344621
262:,00619547.htm,1024,317208455,,eb386174a2a2c8519319b23e5a309118,317208455 - 317208458
57:,00612127.htm,1024,313409292,,702bd9df904d087d77c1c88d8014d9ce,313409292 - 313409295
495:,00625914.htm,3072,320468147,,5808673c7d53cbe4bc1ade9ba1cd7788,320468147 - 320468153
117:,00613632.htm,214,314179836,,4f9240e353213b790877433d4be76c90,314179836 - 314179836
236:,00618671.htm,1024,316759947,,4db342641ecf4a53f5e1cd57c22ea8b0,316759947 - 316759950
347:,00621699.htm,3072,318309974,,819ad3e1496c35e1208d68f208aae1cc,318309974 - 318309980
312:,00620957.htm,2048,317930221,,7ff535db04c631d9d0eb1083fc444a75,317930221 - 317930225
412:,00623693.htm,3072,319331188,,99d09c3028bde182a30f72eb8e13cf79,319331188 - 319331194
184:,00616525.htm,10240,315660845,,71c409f0b0b66fe862d8002206afea7f,315660845 - 315660866
255:,00619306.htm,1024,317085066,,c6185ced057ba6c61b5a86df6f23d37a,317085066 - 317085068
127:,00614026.htm,2048,314381506,,b4c3620afa0b86f3c2118a61a559ea58,314381506 - 314381510
73:,00612450.htm,44032,313574806,,d1ca54398ca69171ac812e470cf2cd36,313574806 - 313574893
481:,00625547.htm,3072,320280231,,ff43b51694cce0cdb81b147f744383e6,320280231 - 320280238
541:,00627397.htm,7168,321227427,,6524160baba36e349691f9cbf606e504,321227427 - 321227442
348:,00621758.htm,3072,318340239,,fc7d4960380bb2cb42c27f41e46a17c1,318340239 - 318340245
222:,00618249.htm,2048,316543675,,989f41d3bca0d810b4053ec170e0059a,316543675 - 316543679
544:,00627551.htm,4096,321306575,,169a300534e56ee42079677266b3b14d,321306575 - 321306584
116:,00613629.htm,214,314178077,,4f9240e353213b790877433d4be76c90,314178077 - 314178077
338:,00621515.htm,1024,318215950,,2fd80cd08e6699860ecff23db83d5d9c,318215950 - 318215953
522:,00626554.htm,2048,320796046,,35876856a131d4bd262eb156516073e5,320796046 - 320796051
74:,00612541.htm,13312,313621190,,369cc95dd7e25a920b9748ab4672870c,313621190 - 313621216
197:,00617055.htm,3072,315932202,,2aa92c24f822f8f45c36866a5d9f6720,315932202 - 315932209
185:,00616563.htm,433,315680737,,82f47e9100eb0e2bff7ba7665a4145dc,315680737 - 315680737
374:,00622458.htm,2048,318698768,,c4f0f381142d0ef42dde802840541b80,318698768 - 318698773
464:,00625049.htm,578,320025200,,f3b253051f32af53ec06e4e53898e48c,320025200 - 320025201
315:,00621004.htm,396,317954170,,f777303695921210cebac13b7294d693,317954170 - 317954170
603:,00629081.htm,2048,322089818,,9ff3d5517eb5d19c1f0d0b795e0b1b65,322089818 - 322089822
333:,00621415.htm,1024,318164642,,e2427b728a5f666b944620cfa086dcb9,318164642 - 318164645
9:,00202488.htm,3072,103674124,,43ac42e7fbffbf8089f62092934c162e,103674124 - 103674131
583:,00628686.htm,2048,321887350,,5cb275b87d2e87604eb1b39894c2d7fd,321887350 - 321887354
545:,00627578.htm,4096,321320110,,1532039ef56244967534e035be7fdbc8,321320110 - 321320119
582:,00628678.htm,876,321883326,,0201f4bdce48bb788e8a094d08411cbf,321883326 - 321883327
490:,00625781.htm,1024,320399895,,7d6d772dbc112814c1f5255601f1b583,320399895 - 320399897
410:,00623643.htm,3072,319305548,,5dd1eabdccda218e708a0960d76dbb78,319305548 - 319305554
486:,00625683.htm,3072,320350035,,5ce7a1dc80dcfc7ba90e8ebc26cd1dc7,320350035 - 320350042
572:,00628375.htm,1024,321728131,,eb1482427c1f166c4b7a42d5c1c2b605,321728131 - 321728133
595:,00628951.htm,18432,322023204,,b227567c7222c088f6468d0ea9b31fe5,322023204 - 322023241
345:,00621652.htm,2048,318286088,,aac13d896954a3c7906cc5a442ca3163,318286088 - 318286092
529:,00626730.htm,708,320885990,,72e540e4567b6039512af995cebd7dbb,320885990 - 320885991
511:,00626181.htm,675,320604713,,a9eb4855a53a94cefb494a15adfea88f,320604713 - 320604714
155:,00615050.htm,2048,314905654,,afeda53e637137f01e176593301e6c77,314905654 - 314905658
93:,00613000.htm,933,313856113,,6b07ded8b08d8d890169581b7436f6f9,313856113 - 313856114
306:,00620837.htm,3072,317868685,,b9a00d6f602965791df77c2f471df3e2,317868685 - 317868692
407:,00623576.htm,5120,319271108,,dd4c3c554dbc53ff326862fa5c96e8af,319271108 - 319271118
561:,00627975.htm,487,321523613,,6538b0978cf6177fe8dfd0226dd0e7bd,321523613 - 321523613
72:,00612424.htm,3072,313561121,,e6cb5975ebd6dab45a240e9a179c4e25,313561121 - 313561128
443:,00624512.htm,1024,319750642,,5d75e97f37ebf5d5b661c9fd68bc6478,319750642 - 319750645
441:,00624432.htm,3072,319709491,,7f86ea9ac7d64a70a1f3ea9891de3473,319709491 - 319709498
400:,00623441.htm,1024,319202252,,07698f2881a48b2fc620d80b0b1db84a,319202252 - 319202255
231:,00618460.htm,1024,316651523,,4d18237ec76bf18d9cf4169a78c665ed,316651523 - 316651525
245:,00618959.htm,5120,316907429,,a82c53a9b5ee04e1cd37d8fe541d4b0e,316907429 - 316907440
291:,00620391.htm,2048,317640322,,6a32766fade2d04df2ec6f9de87ef720,317640322 - 317640326
612:,00629204.htm,1024,322152523,,0b70f7a70632a8487308f59957e3b580,322152523 - 322152526
550:,00627679.htm,8192,321371860,,82084d63de1785a73ecbec1c954890f6,321371860 - 321371877
611:,00629182.htm,1024,322141622,,7b169084edac35bf188818e359e3f406,322141622 - 322141625
566:,00628159.htm,16384,321617451,,73943da9a81365cc1e3ea9d2ea1d5f03,321617451 - 321617483
420:,00623875.htm,3072,319424087,,e5374e41caf1f8eb093c3a02c14ebd4f,319424087 - 319424093
180:,00616473.htm,1024,315634580,,8538381b0725f993e570bf24f3affa84,315634580 - 315634583
585:,00628773.htm,1024,321932066,,72be41aa0926689d8e146f538143b9fa,321932066 - 321932069
462:,00625002.htm,342,320001496,,b0db4883f8619c87b108cb5614659d8f,320001496 - 320001496
84:,00612833.htm,3072,313771005,,854d356423e98b0cd45267e3164e85d4,313771005 - 313771012
282:,00620092.htm,3072,317487479,,1ca3fb5fe68a62bacc3c95c5d679097a,317487479 - 317487486
273:,00619917.htm,1024,317397607,,a542d0e97016e9c45f20e6a1d918f56e,317397607 - 317397609
353:,00621904.htm,3072,318415001,,ad7cd43495b11ea73f47ef45a3769d68,318415001 - 318415008
480:,00625540.htm,1024,320276607,,52a55f29bfe4fbdeb715bd8d0fe34597,320276607 - 320276609
451:,00624685.htm,384,319838940,,bad72c6b1fbcbec0cd8b25b7198eb023,319838940 - 319838940
355:,00621953.htm,2048,318439973,,5d207a842676f1e1a97d3768e2307021,318439973 - 318439978
314:,00620992.htm,1024,317947962,,7befd0f96b54d65b55b5f8b7f6798add,317947962 - 317947965
587:,00628822.htm,3072,321957156,,445e0ca43911006d44426b978fabcad1,321957156 - 321957163
106:,00613356.htm,1024,314038686,,6461b9dfb8c551fc395edaf8f19b1640,314038686 - 314038688
170:,00616193.htm,4096,315491098,,be7926cb68c6da0622239fba687d2c08,315491098 - 315491106
59:,00612187.htm,481,313439852,,66a68cdc58f6fdd3218b16bdfe443018,313439852 - 313439852
546:,00627601.htm,1024,321331780,,58b0e79a9e99dac672cde2da955ebe16,321331780 - 321331783
225:,00618307.htm,1024,316573624,,f9fe8ffb3adb231463db6b89104657be,316573624 - 316573627
337:,00621508.htm,1024,318212582,,1b15d152587fa18d565d99128ad3659b,318212582 - 318212585
280:,00620045.htm,2048,317463348,,db397e4322175d4fcdbc86431a494b13,317463348 - 317463352
477:,00625492.htm,1024,320252376,,686325e6d634f51323fb65f4d12067e9,320252376 - 320252379
508:,00626119.htm,3072,320572972,,8ece51911fcdc4ee4143ccb5e99cac0f,320572972 - 320572979
76:,00612586.htm,6144,313644123,,ad6af93930f22e26cfaf9eaab3f2b18f,313644123 - 313644135
520:,00626520.htm,1024,320778487,,144ea00914d4f7c3270611095b395e72,320778487 - 320778490
204:,00617474.htm,637,316146991,,998ebdbd50017f6bc13838c63b638340,316146991 - 316146992
538:,00627299.htm,3072,321177334,,d89be28ce7260986551e3c22049d7474,321177334 - 321177340
536:,00627188.htm,5120,321120376,,ccc0f7869d2092d0e4ae436a7a391e17,321120376 - 321120387
281:,00620059.htm,3072,317470379,,5b8dc9667e70d8bace05f8bc30511615,317470379 - 317470386
130:,00614090.htm,1013,314414566,,205c2fb640282088e8d11171b656adf1,314414566 - 314414567
452:,00624727.htm,2048,319860262,,64cfb1fe34ab984971c9a9ab0e23dd89,319860262 - 319860266
391:,00623195.htm,545,319075914,,8b99e7b9b4ce8cc89ab5d60f1df3df85,319075914 - 319075915
435:,00624342.htm,1024,319663462,,526e798483858f778c2f71561735acaf,319663462 - 319663465
296:,00620489.htm,641,317690579,,5f406af85a3ab6f9f5330bc0da994c0b,317690579 - 317690580
258:,00619463.htm,7168,317165396,,07866f20f295ce13eb4e8b620a8647cd,317165396 - 317165411
125:,00613997.htm,2048,314366623,,f93e9e3a712b700464d9afb6752cf8d6,314366623 - 314366628
542:,00627441.htm,2048,321249794,,a9e5ee8f8be6fc9a72e490077d30db5e,321249794 - 321249799
239:,00618751.htm,876,316800554,,944f980d3dfcf8bb3ff7050619c95ca6,316800554 - 316800555
515:,00626273.htm,1024,320651983,,484eb4230645c2a61beac7727a1c91eb,320651983 - 320651986
382:,00623004.htm,740,318978545,,0488ea52ca184c5bec4a5cbefa21b990,318978545 - 318978546
354:,00621931.htm,3072,318428845,,5f3d647ab43c183c82938980b9a5491d,318428845 - 318428852
45:,00611814.htm,3072,313249062,,92bec48c6e051b6949ff71a77af481c2,313249062 - 313249069
442:,00624454.htm,3072,319720512,,8e84e34eedf7ade149701e2d55c794c3,319720512 - 319720518
567:,00628216.htm,1024,321646871,,6cd3f2a513a21d208eede303a2699296,321646871 - 321646873
61:,00612260.htm,10240,313477471,,bb5e66062e9843f94ed4a6d0a52f9537,313477471 - 313477492
371:,00622414.htm,1024,318676255,,6ef7305f74246c5557acc8543a40ca5c,318676255 - 318676257
19:,00207714.htm,3072,106349942,,dfa3ce6f8633260d4681901b5a8f1c41,106349942 - 106349948
174:,00616288.htm,9216,315539563,,8e1441f2e88a7aee96845bd396c4d3ca,315539563 - 315539581
351:,00621840.htm,3072,318382255,,1e5ee0cf2705ced58e2477c55da3dd47,318382255 - 318382261
502:,00626022.htm,632,320523269,,0a4a8fb7a23476b08a08ec69431b3abd,320523269 - 320523270
439:,00624378.htm,1024,319681942,,852563b02764c438acc4a172e031c4b7,319681942 - 319681944
114:,00613618.htm,1024,314172736,,8fde9b57f872943378ecc59584891a9a,314172736 - 314172738
299:,00620570.htm,2048,317731929,,a912f7a497842661e5503279da84d501,317731929 - 317731933
398:,00623395.htm,2048,319178658,,a95ab670b40e206c31de2471886b784e,319178658 - 319178662
144:,00614455.htm,924,314601012,,fb4ccf053e2940d0f4b1d4e0ee8029f5,314601012 - 314601013
70:,00612408.htm,871,313553226,,7ede39af55c3db79ec30f51c130f4def,313553226 - 313553227
591:,00628884.htm,1024,321989045,,76e56e438f6b51f822b1a07f77e00eb6,321989045 - 321989048
605:,00629120.htm,1024,322109856,,d52220a4a8edd9086cf2d2c3d0b80c82,322109856 - 322109858
581:,00628673.htm,876,321880896,,e67dfee68a5719a538b93ec9e7e8879b,321880896 - 321880897
365:,00622194.htm,1024,318563557,,1d9a8e1fa70f17b076fc04f5f92ff461,318563557 - 318563559
183:,00616499.htm,9216,315647601,,213589b81706e2082705d7eac34f80c4,315647601 - 315647619
200:,00617303.htm,3072,316059301,,406965024bf2dc4582ad05bcf8968bb1,316059301 - 316059308
217:,00618012.htm,497,316422210,,9250d789013ec3a19606bebb548f2e78,316422210 - 316422210
557:,00627861.htm,1024,321465247,,aeb1d0d868e084d1d18dc23afa66a54e,321465247 - 321465250
503:,00626028.htm,1024,320526524,,dc3e31d2317ed2d023ae7316a236d477,320526524 - 320526527
361:,00622094.htm,3072,318512139,,c9400e2109cd9181a61f4b8d90a3ddbe,318512139 - 318512145
483:,00625590.htm,3072,320302456,,118ffc26f110321acef729fb1f4cf067,320302456 - 320302463
393:,00623242.htm,4096,319100112,,083299fff0da45c54de30a1b8620075e,319100112 - 319100120
177:,00616367.htm,736,315580159,,690c2f3ffd7c7ab19c02d11484d6c0f8,315580159 - 315580160
7:,00102682.htm,1024,52573472,,dacb209adbf7c74483fb139f2e8518c8,52573472 - 52573475
20:,00290518.htm,279552,148745355,,0067ec59ccd623644d84810cf46dbc31,148745355 - 148745902
494:,00625888.htm,3072,320454823,,9f4513b77df3119c2a57654de5c555ee,320454823 - 320454829
268:,00619790.htm,612,317332506,,94ed02ec201ded1e3fe213a07bb866e7,317332506 - 317332507
173:,00616273.htm,1024,315532165,,e41ec188a9398ec509c8c60914724513,315532165 - 315532167
264:,00619601.htm,182,317235917,,89f2eabcc8d74ce83400a4b238811113,317235917 - 317235917
300:,00620585.htm,2048,317739540,,fc6957bcf1e87fc728da3b63c1aea02a,317739540 - 317739544
404:,00623523.htm,1024,319244094,,57af6e8e20bd000a7092e621e787fd08,319244094 - 319244097
97:,00613050.htm,1024,313881856,,94d9dbc41012ec34bfd636ce0e876122,313881856 - 313881859
575:,00628416.htm,2048,321749349,,9ffa9b71ac8a823209d898af0c0b690b,321749349 - 321749353
448:,00624595.htm,2048,319792663,,0e6dadce3b1c3c69861aea082d5d2852,319792663 - 319792667
303:,00620713.htm,1024,317805182,,8606570bae455039d747dad56e876f4e,317805182 - 317805185
579:,00628618.htm,4096,321852455,,fba07cb8a2db5003124e4e8d6bbbbbc0,321852455 - 321852463
416:,00623792.htm,1024,319381827,,4d5294b1f8674311959afe53618c1dd3,319381827 - 319381830
162:,00615185.htm,1024,314975073,,319be71953c5ec2a1fdced51526ce5cd,314975073 - 314975075
571:,00628353.htm,1024,321717147,,ca1f1bd1fbabf0c3f2075aeda60b7546,321717147 - 321717149
463:,00625012.htm,3072,320006489,,858f2fee30b39c2be72f275d23834596,320006489 - 320006496
539:,00627332.htm,3072,321194452,,289c1d82f5e2e908cfed81a4a64f3236,321194452 - 321194458
247:,00619055.htm,4096,316956597,,f354b34981c9b52f489cd1b547dd5336,316956597 - 316956605
408:,00623603.htm,3072,319284902,,02008930b00b2504a782592c4751fb8f,319284902 - 319284909
103:,00613274.htm,214,313996774,,4f9240e353213b790877433d4be76c90,313996774 - 313996774
504:,00626066.htm,1024,320546056,,d2206719eb3b6c1dcf5eed6f0cf92cf1,320546056 - 320546059
214:,00617866.htm,10240,316347793,,8b68e7142f1c6a97fedf1edd23f323b3,316347793 - 316347813
56:,00612086.htm,1024,313388179,,ea1ceb60875e29b8b9024f4d74f7cee3,313388179 - 313388182
570:,00628280.htm,3072,321679507,,83c240e38762ce61080a4c65dc538d9c,321679507 - 321679513
360:,00622066.htm,3072,318498046,,257e38fc741c749048e531dff060c2ad,318498046 - 318498053
51:,00611971.htm,1024,313329203,,386bc33e334a5721fbe47ab724536646,313329203 - 313329205
485:,00625655.htm,1024,320335470,,70b7965efd02dde1c8cfaa0196ebb482,320335470 - 320335473
293:,00620422.htm,2048,317656325,,66919e619580da6116cebc0bc666b3ad,317656325 - 317656330
467:,00625295.htm,1024,320151110,,0b8896e550008fcf33e410a0a1dcc72a,320151110 - 320151113
518:,00626369.htm,2048,320701088,,2db1680e1bb83195a9fec6d10eba4acf,320701088 - 320701093
447:,00624583.htm,494,319786724,,23c21c932cc4d368f0a5d7ff00827394,319786724 - 319786724
534:,00627126.htm,1024,321088512,,cfd01de873ebeef9e983114f07922d96,321088512 - 321088515
164:,00615995.htm,3072,315389511,,9844c2ad4e3f1b0b821e3cd939ab1c12,315389511 - 315389518
334:,00621427.htm,3072,318170812,,9e6446e3e78baa46f47f965fcf79d4a0,318170812 - 318170818
88:,00612936.htm,1024,313823367,,d5098b36a6dd6e0d33e46f1fc5a2099f,313823367 - 313823369
460:,00624994.htm,342,319997004,,b0db4883f8619c87b108cb5614659d8f,319997004 - 319997004
119:,00613682.htm,4096,314205247,,40bf127ed353ac9d508daa5de4940667,314205247 - 314205255
67:,00612348.htm,1024,313522667,,64d422a4cc5a70e1fb8e3b5d616641ab,313522667 - 313522670
421:,00623923.htm,16384,319448768,,28e0fdf443aefd37c4a2075b77ba096e,319448768 - 319448801
171:,00616255.htm,216,315522959,,eb2dd98824801fbf4b7b4a41c43973a7,315522959 - 315522959
165:,00616016.htm,6144,315400611,,1c98ae4703030bc351946f6f6938a552,315400611 - 315400624
68:,00612358.htm,3072,313527391,,8cb508a07e69b107a237a5c4111b701d,313527391 - 313527398
157:,00615106.htm,1024,314934460,,e897a7d1959161c7b75159bd617fe9e7,314934460 - 314934462
244:,00618910.htm,3072,316882312,,de10cab9e6dad1d62108fbc04b596cf7,316882312 - 316882319
560:,00627942.htm,11264,321506725,,c3be1056b6fc124450776697e449062b,321506725 - 321506748
230:,00618453.htm,1024,316648319,,df1232a140d2274baa8dfec19581943f,316648319 - 316648321
479:,00625512.htm,3072,320262234,,f854a7cc4e5488fc356abbdca173035e,320262234 - 320262240
425:,00624081.htm,1024,319529482,,f4b76c28b66e65204935e8225ccdefe1,319529482 - 319529484
322:,00621132.htm,3072,318019830,,4c73109261e5efcfe87f479adb40626a,318019830 - 318019836
474:,00625435.htm,1024,320222811,,1051eb4f3837b1ebae83c0bf32b6246e,320222811 - 320222813
528:,00626721.htm,1024,320881557,,b1c7688f6d326b62b551cf63167b5456,320881557 - 320881560
478:,00625499.htm,1024,320255696,,312d1803442f32428e5de7b26742d168,320255696 - 320255699
562:,00627985.htm,3072,321528694,,ad610ef1c3160878dcee82f18f5a8041,321528694 - 321528701
134:,00614138.htm,1024,314439102,,f25c823e52efa6af36385ca4afabc242,314439102 - 314439104
254:,00619300.htm,937,317081944,,39e109e8c725bfd58a7b03ecc1a31027,317081944 - 317081945
75:,00612571.htm,1024,313636472,,15d2bf041b70e1e019ceb8e7c7d283d2,313636472 - 313636474
129:,00614085.htm,1015,314411933,,1890e3b0e8bf242af6103f503863bc3d,314411933 - 314411934
553:,00627738.htm,443,321402080,,6d6168cb69f69e8000c1efd8688f4bcf,321402080 - 321402080
379:,00622938.htm,5120,318944587,,6db03421aaf635315a4c731db914df85,318944587 - 318944597
436:,00624355.htm,867,319670218,,37bb6709540e92213b7daf29584fb9b9,319670218 - 319670219
123:,00613922.htm,18432,314328556,,fede6fa1d0365a392f1208be3716987f,314328556 - 314328592
115:,00613623.htm,1024,314175401,,d0ffb00b91e99f5b57f1086726bd80d7,314175401 - 314175403
207:,00617546.htm,840,316183977,,10b10cbefc6bb96fd01890dcbcc0292d,316183977 - 316183978
48:,00611897.htm,3072,313291343,,244ef265d4a217d1b14cafeb7609c77f,313291343 - 313291350
376:,00622539.htm,16384,318740299,,ef397a172a7754650a67401c15bca30f,318740299 - 318740332
242:,00618862.htm,17408,316857510,,53ad248a38fda8e29b906c59df82037a,316857510 - 316857544
203:,00617416.htm,10240,316117120,,46a5baf075abbe930fd6a4df7a022208,316117120 - 316117140
215:,00617930.htm,3072,316380253,,2c9c4817957c1eedc3c843c019b14b15,316380253 - 316380259
166:,00616044.htm,4096,315415018,,406e3f41ef7a079bc4e14156eaaa4de6,315415018 - 315415027
288:,00620251.htm,3072,317569006,,7286945285b7515ad856a9d6ce24f6a6,317569006 - 317569013
246:,00619018.htm,1024,316937566,,dda2dc5bd72ca9c44814bd289f0dde97,316937566 - 316937568
594:,00628929.htm,1024,322012007,,9c37a4e24745e3f893aa95741e7a47fa,322012007 - 322012010
524:,00626574.htm,3072,320806290,,e2cfd0fec6cdb516d619b47a1c67e5f3,320806290 - 320806296
149:,00614667.htm,1024,314709900,,4791d856823d94d52072f1e6070e20ed,314709900 - 314709903
540:,00627362.htm,3072,321209688,,210cc03232cf6f84018f221aa284a354,321209688 - 321209694
218:,00618031.htm,1024,316432232,,1b53c0307d223e51d2a47be8be82348a,316432232 - 316432235
577:,00628510.htm,16384,321797275,,99efe19c8c24fda415e1200443d36e59,321797275 - 321797307
501:,00626017.htm,632,320521071,,0a4a8fb7a23476b08a08ec69431b3abd,320521071 - 320521072
292:,00620405.htm,2048,317647568,,347a8c4276f94c7451921480b7069f77,317647568 - 317647572
146:,00614571.htm,3072,314660371,,2b2c0f28649f69ec784268a3b937f280,314660371 - 314660377
208:,00617684.htm,1024,316254619,,ef573200e0334648f98b93425721a7f9,316254619 - 316254621
399:,00623419.htm,390,319190658,,cd23acd02ba62335373c16b778c08dd4,319190658 - 319190658
78:,00612632.htm,1024,313667646,,b8ce28304883985d8795b1c8dd918a5b,313667646 - 313667649
167:,00616113.htm,656,315450350,,2f7d0daaa99aa9842c973bd49b71eeef,315450350 - 315450351
150:,00614693.htm,4096,314722885,,83a087c4f9e9a9b06966b86ba4a32c12,314722885 - 314722893
535:,00627157.htm,1024,321104669,,ce2f452d05d4a7c219a103c3a4d7aac0,321104669 - 321104672
461:,00624998.htm,342,319999251,,b0db4883f8619c87b108cb5614659d8f,319999251 - 319999251
533:,00627110.htm,2048,321080487,,362ac522df8c25700252a58a42d91077,321080487 - 321080491
196:,00616974.htm,6144,315890709,,2373c85344ba7a6a8a9b0786352c1af8,315890709 - 315890721
373:,00622445.htm,2048,318691892,,c4f0f381142d0ef42dde802840541b80,318691892 - 318691897
259:,00619503.htm,6144,317185671,,2689c8e4b4120cc4a39fd13064837abb,317185671 - 317185684
457:,00624882.htm,3072,319939680,,d6cc89c727356bab7a7005bea131adcf,319939680 - 319939687
458:,00624902.htm,36864,319950097,,d0dfed847d5df3324d90dc60d982f89d,319950097 - 319950169
279:,00620026.htm,3072,317453390,,4967a234f5411ddd2edb03279ae1add5,317453390 - 317453397
199:,00617154.htm,4096,315983258,,a2ed21fcf260e3bc948def0fdf9f4297,315983258 - 315983266
63:,00612294.htm,1024,313494905,,6c52593050f227ccf2eaca70190eb391,313494905 - 313494908
10:,00083486.ole,5242880,42744832,,0653eaed48c83df3605a6f1264ed70a8,42744832 - NaN
140:,00649204.jpg,916480,332392448,,60f2f4fa52be101921e18f8023b3a8b4,332392448 - NaN
17:,00350010.jpg,316416,179205120,,2165e2c3e9e1aa02704c99a003502c2e,179205120 - NaN
29:,00520400.jpg,1048576,266444800,,722b73535091761718fd33d98c327212,266444800 - NaN
31:,00591723.jpg,69632,302962390,,4f05870fb99ea15701522fa6d8231f73,302962390 - NaN
3:,00089029.jpg,699392,45582848,,f5ada35ebe53665648832de6d42237c6,45582848 - NaN
37:,00592521.jpg,66560,303370861,,2880fe41681367bdb8216ad97ed89816,303370861 - NaN
27:,00444785.jpg,239616,227729920,,e1333192160467c89bc92698409d0302,227729920 - NaN
41:,00593032.jpg,21504,303632516,,ed35161f87f8c62151de714fb4379cf9,303632516 - NaN
30:,00591405.jpg,160768,302799747,,57c0db17d007a57f96f6fd280d1ff189,302799747 - NaN
40:,00592982.jpg,23552,303607104,,dad8e31f32e896ca6e25fe8215cd9aef,303607104 - NaN
28:,00446112.jpg,169984,228409344,,4ca866c46940edea9fce04ae01d7dede,228409344 - NaN
14:,00335096.jpg,415744,171569152,,96344a69095242fbc1753b8e4bfd7c59,171569152 - NaN
39:,00592866.jpg,59392,303547507,,6776f73d0277d5905619541b023c4cd3,303547507 - NaN
2:,00087716.jpg,169984,44910592,,a981f811838499ac6478ce4748b35026,44910592 - NaN
13:,00254789.jpg,444416,130451968,,bdb67d526a77e589824f5ac4c5f46a40,130451968 - NaN
15:,00336372.jpg,2097152,172222464,,0f56b831a6791fefc8de22464b70c309,172222464 - NaN
16:,00343552.jpg,337920,175898624,,d72562ea10d4bf43de817952b014ec82,175898624 - NaN
33:,00592032.jpg,63488,303120770,,5452fafcc03063e96576c1b0b182cc92,303120770 - NaN
139:,00648613.jpg,150528,332089856,,6bb75b6fd6eb8035922eb8ae29dc92cd,332089856 - NaN
38:,00592817.jpg,22528,303522618,,3ba6c20ae65dae89b7ea4eb998b4c0d9,303522618 - NaN
34:,00592159.jpg,84992,303185820,,70fe433029d2488f2e89dae4969645ee,303185820 - NaN
36:,00592413.jpg,52224,303315850,,12383efca1991e1230b22c65a8af3086,303315850 - NaN
1:,00070034.jpg,253952,35857408,,edac869153d3f8484c8ba744d2f5892e,35857408 - NaN
4:,00093780.jpg,3145728,48015360,,421a0d9230ba2222fb576a0c7994a350,48015360 - NaN
0:,00057145.jpg,1048576,29258240,,1ba20338c8ef30328d3b10394854beff,29258240 - NaN
32:,00591867.jpg,80896,303036049,,b13d401ed5374928ef0b5b5099043590,303036049 - NaN
35:,00592330.jpg,41984,303273404,,6ea83857eab9adf1ddf823658b625587,303273404 - NaN
12:,00201618.pdf,313344,103228416,(PDF is Linearized),3440a0169740b80f5fcff4cb8641a210,103228416 - NaN
616:,00641850.exe,487424,328627200,01/14/2007 20:28:31,4b978b546fb3f0ec54c71aef62107771,328627200 - NaN
615:,00640620.exe,487424,327997440,01/14/2007 20:28:44,55a7528a352919da2f2b250a5b95d8eb,327997440 - NaN
23:,00371762.exe,487424,190342144,01/14/2007 20:29:05,f6dfd0ad27e586d36680deef362319cc,190342144 - NaN
136:,00596790.exe,491520,305556480,01/14/2007 20:28:36,89f1fb781a4c8499a3927bb49b179912,305556480 - NaN
22:,00361725.exe,491520,185203200,01/14/2007 20:29:02,cafd8d53a2826ca0c111aa683de2ba0c,185203200 - NaN
21:,00357626.zip,1048576,183104516,,067625033b3a6232cf01a4b30d4f11ee,183104516 - NaN
5:,00185369.wmv,6291456,94908928,,a962bd7b65aeaeebac93a3d75415526c,94908928 - NaN
617:,00633741.mpg,1048576,324475392,,4cad88b6b8554321a5e534d340814ef0,324475392 - NaN
138:,00598557.mpg,1048576,306461184,,40f852c29b120298cb223d2849b9cd4b,306461184 - NaN
25:,00220449.mpg,2097152,112869888,,ad0488cdcd3cbdb02043426abed8d138,112869888 - NaN
26:,00291114.mpg,5242880,149050368,,71d5038bedd18f8f5b5edd15c986f879,149050368 - NaN
11:,00102857.mpg,4194304,52662784,,c4b0164f5f500a9b81a58e4034bec565,52662784 - NaN
24:,00210073.mpg,1048576,107557376,,16c5072d72d381b51d7eb766fa09d361,107557376 - NaN
6:,00020014.avi,8388608,10247168,,c579b88e7622d98d322f5531eb730fd0,10247168 - NaN
18:,00259227.avi,5242880,132724224,,9e573b59c43555e5251e7e5967eb8522,132724224 - NaN
