md5,file
1caf74075135e8127928aba6a304fe1e,  ./audit.txt
3f1cf096751b8e65f59246513b72124c,  ./bmp/00437599.bmp
d66553be1c1cc9e3e8c3978cf8aabfa8,  ./png/00433410.png
f3b253051f32af53ec06e4e53898e48c,  ./htm/00625122.htm
7d032c1649f477d29e61171514aea387,  ./htm/00612322.htm
7ce7e0e5150cd027f3b54536408347b8,  ./htm/00626246.htm
f73c87fae97bd479c5fd85904ad6f98e,  ./htm/00625366.htm
a32a43b71a3b2972c02862b86cda9157,  ./htm/00629009.htm
d9fc82d9ea00cab18c99bc84ef6d9c0b,  ./htm/00627806.htm
263c33d63ad9e63304004ab365071fa7,  ./htm/00617776.htm
3408756a09c9418b917682694227698c,  ./htm/00621391.htm
61bea3bac70d59ca84d05b04c31b84bc,  ./htm/00622421.htm
9a936750c087215a27f74c1524d79eb0,  ./htm/00623817.htm
472351c80d5529fb4a7a088486ea6663,  ./htm/00618900.htm
ecfeb3289baa49fd9b2140022c28831f,  ./htm/00619983.htm
f21177158a85dbbd119fad5390db6ee6,  ./htm/00614432.htm
bb894ef32e53a06e8cbba689ead42e90,  ./htm/00613077.htm
856041f45f8f814df7940e5f10f97137,  ./htm/00613035.htm
998ebdbd50017f6bc13838c63b638340,  ./htm/00617478.htm
ddccef5cfc295f565dcd55dc4f0fc0e8,  ./htm/00617106.htm
8eb42d39e37e685e5ddc783172cf5dc7,  ./htm/00628894.htm
3822387b3ad721b5c7087e5f00290e5f,  ./htm/00629096.htm
6792e2e29043cb80bd785ec87fbb3b52,  ./htm/00625819.htm
b38d3663d7a2693445f06386131a62b2,  ./htm/00621219.htm
2711d00525aae5af24b0b79157771f99,  ./htm/00621818.htm
53e98eece73556e194ce6c64b1be0944,  ./htm/00614010.htm
d886f2110c89719639be1df0a13b22cc,  ./htm/00626740.htm
7d6d772dbc112814c1f5255601f1b583,  ./htm/00625354.htm
f1f1171ce67a7b75ab13ae057cf8f707,  ./htm/00623761.htm
7070346130bac609510c34fd5849c4e3,  ./htm/00624621.htm
421ae766bb2d3f12688802660ebcc606,  ./htm/00628873.htm
7d6d772dbc112814c1f5255601f1b583,  ./htm/00625349.htm
68468b78b29a3ace0c7f7c3bdf5d1b5d,  ./htm/00613127.htm
46195f1117083ee3a36f218d06aa36d2,  ./htm/00625447.htm
a8007dfcc78f53df526958980763099b,  ./htm/00616118.htm
be22ac8ecffe932f6f1d2b134eba8a09,  ./htm/00617831.htm
eccc41bf1e44f285b5368ecb7f32e19a,  ./htm/00623725.htm
734a1c92ec3f74b0e6d3cd8c70d68de1,  ./htm/00626759.htm
a868d3c80f6fa13f388aaac452a2a8d9,  ./htm/00618138.htm
635e531a582793deefa25090a1805566,  ./htm/00623009.htm
0cc73b6b0e27edb981501bd564de3213,  ./htm/00621199.htm
3ca33de4d99d369db246489c54fa10f1,  ./htm/00612717.htm
5873aedcc9d2bd2c6117436c2120ea0e,  ./htm/00612311.htm
1e8d754f8b407c0b73f7070b01105ef6,  ./htm/00618396.htm
cd4128e22490e2418a4fe2ba475959ac,  ./htm/00613314.htm
baed80db5f14bbaa5b340cafcd2b3139,  ./htm/00627887.htm
8e5d15081e0d264f597fd9e5fa9871ee,  ./htm/00623331.htm
b02a793c68348f2d858b62930ef353b1,  ./htm/00623103.htm
2c4ab9133f064323085b81b806575566,  ./htm/00621556.htm
21f195215ef86ec3f83af26f4e553e7b,  ./htm/00622133.htm
53dd017bdf41652814a00c6ab2fcc829,  ./htm/00628633.htm
56b055937fce43f7b8b8a15e2d2c29a9,  ./htm/00614741.htm
7ef82350ad605b24ec0a5b995415f342,  ./htm/00627623.htm
73ed28b68d902739dee8a82802923986,  ./htm/00614190.htm
3abae2df530c64be94e142a492e2d96e,  ./htm/00621878.htm
489c1a546178882e7c969be706ae3ca6,  ./htm/00616266.htm
71f0054b209cc112d54d654386dadae9,  ./htm/00620538.htm
e147f6695c2bd207d2bd684923b0c721,  ./htm/00621059.htm
44b49a690bc1945bb9355b509f4b2c17,  ./htm/00629056.htm
73f5ea97bb3e9911982b938da4c424af,  ./htm/00616672.htm
a9565cf754099f4d804bead66912b8c5,  ./htm/00617367.htm
3ab0b1bab0354f3ff3ab300abaaf36d7,  ./htm/00612773.htm
f177b9c0cbcb8a0768b9fa1014759c1e,  ./htm/00616931.htm
efc10696e9fa1a0d0bae0f82b9fc6250,  ./htm/00625990.htm
6fc0a132f0a013903935560dfeefab94,  ./htm/00623030.htm
d2d60e87bb8a8da584038cc86ac65c6c,  ./htm/00619735.htm
3b7d2c7f9342d2b482c0db8fd2f850c2,  ./htm/00622478.htm
e9375954ad8cafdfd179986fb8d7916a,  ./htm/00621601.htm
4e7d15f5bebc9d6143900c62b1a35414,  ./htm/00623207.htm
40b75b8b51883cf2e5d6107dd56dc4f0,  ./htm/00613071.htm
8fb613cf8126af7131265a20a1200c62,  ./htm/00622129.htm
795e5230e666379d6b7c2a48b703be67,  ./htm/00616344.htm
d858cf347c81d30021b48fe327668bdc,  ./htm/00621353.htm
9fd3fed90129ff2a8c5fdeb8d1b3288f,  ./htm/00624297.htm
72eff94596f90d98601b72cae4fc2491,  ./htm/00628246.htm
731735a7a83ec3bffdd76666c590257f,  ./htm/00619539.htm
5734d3f7fcbefcd965988f24e7648dfe,  ./htm/00619928.htm
5f348d8ce850433ce719f7841ad3549a,  ./htm/00620153.htm
efcfde6b161f5fea85d40f79367ae044,  ./htm/00618332.htm
738e8674897c6d63862d5dfbc9a5fc14,  ./htm/00629231.htm
91132305e5ccc0b654a347dcdc78804b,  ./htm/00626074.htm
4d76c3592fa99e02f5c63ff8319ea9aa,  ./htm/00618514.htm
6ee4fff20112a1176fe97bb0a8125bea,  ./htm/00628798.htm
fa7f166ae7ef198c54e6c497b4fcce24,  ./htm/00612073.htm
429c8b1a4754cf06c58ecf8d9f8e817a,  ./htm/00624563.htm
2d18a57e547631fb62fa6f7314d013c1,  ./htm/00612710.htm
4b257e8dd1a8d80b4eb63c2dc4c42d55,  ./htm/00628903.htm
7bc07ef3376cf49eab528b55733ff060,  ./htm/00625467.htm
e97df869b2f535fdf7bcc094aa5c5d40,  ./htm/00619853.htm
69e782b11477e0235213aa9af8d88dd8,  ./htm/00628859.htm
b1e63c93a8b083c9ab65b61c2762f8c6,  ./htm/00618273.htm
6ccbd3e7b6293f1383fdae21059da1fe,  ./htm/00615198.htm
94e1e7b0ea40037d680e75afa245518a,  ./htm/00612973.htm
2aa676b5376856ce9557638aaa1a814c,  ./htm/00614748.htm
b6a01fbc5b664a127470e8bd3dc9e8aa,  ./htm/00624207.htm
8a8d0a81c854af52a9cad0279a004dd3,  ./htm/00623289.htm
d8bbdb9a4e209c512e4c9f65321e2567,  ./htm/00620742.htm
69d9e71f389785cc47fe2622326ee8c2,  ./htm/00621461.htm
ab0b3ccf5fd15c734334093ca7761cbc,  ./htm/00621083.htm
78ebe724c1e7d0ffd5c76f891c0348f3,  ./htm/00613169.htm
fae79bec0236473dc8ca36ccc03e8d96,  ./htm/00619923.htm
5f92115982915ef5f083bc0f3b366981,  ./htm/00624156.htm
ee06fe35af0fdf21390879ee5507676b,  ./htm/00624020.htm
0af433470748cc3af119d24ca47962d8,  ./htm/00625807.htm
062bb3300e776cfd290e55c8022971ce,  ./htm/00626542.htm
14e06912cb6e4c1de127089cd2fa6132,  ./htm/00616619.htm
eed64d445d0f1816887456ac8773f9be,  ./htm/00619166.htm
8d7ea3aeee6aa08e11584054833d3458,  ./htm/00628025.htm
4699b680d0a8fbd2a7d28599884b4f58,  ./htm/00621679.htm
9f4142de00cb5f094bd0b1d97626091c,  ./htm/00622018.htm
1e1abe0d8b0c3624017e2a25997ac7c3,  ./htm/00611937.htm
9accac1158f67df8421145137ffeb73b,  ./htm/00614113.htm
fd44a6fb26d49f06702a2c59348d4835,  ./htm/00619826.htm
8ddd0acabf21056fce7215a4d07a3518,  ./htm/00622207.htm
545857ced411a3c0287ab7fe66ec7918,  ./htm/00612866.htm
af2e55ba5192a1dcd649e8e3df08d5b5,  ./htm/00619772.htm
e2329e9c2dd9b54e9a4d834ba80afe86,  ./htm/00619398.htm
73d28fb8242f4a9fdf590a86d93fe9a0,  ./htm/00615156.htm
c7abcb0253a4a15bcb31f73c1a7dfd69,  ./htm/00614622.htm
66e9ca64ca4fcb6160685c6325e21b02,  ./htm/00618816.htm
a6830924ac132126ae03e77a91e2f043,  ./htm/00615150.htm
998b9fac2538fac50e6ea14f42a2a1dd,  ./htm/00617736.htm
0a94c5b94ae579b82ffc205a3d214755,  ./htm/00625416.htm
0c124fbfa13742d5ac11f37a90eb19bd,  ./htm/00613643.htm
178578cb3917a107990cc28634763055,  ./htm/00612196.htm
8613d05fffc7d69c68d94dddab5750bb,  ./htm/00629026.htm
da2c35df85b3bfc64fe0860adedd7c71,  ./htm/00623066.htm
98c185ab0abee857da244bbb22a422a8,  ./htm/00616644.htm
6a13cf538d3e5a0cbb4cd742251d15f2,  ./htm/00623486.htm
a6830924ac132126ae03e77a91e2f043,  ./htm/00615145.htm
f846888ca3addc67bb32ca9158c4304b,  ./htm/00628586.htm
dd4c0b57049313227314502a0cd2e4af,  ./htm/00616408.htm
7298c89754a2a08806d2da629862056f,  ./htm/00611846.htm
f2f09c79eb575af5fed3b876f2e76b45,  ./htm/00620120.htm
79577cd0d8cd0b297990f950f1d20084,  ./htm/00616318.htm
6d6168cb69f69e8000c1efd8688f4bcf,  ./htm/00627705.htm
e7a01b67d22f8446ffccb443b161fda5,  ./htm/00624334.htm
ac003ccb8eaab04049e4dba619a4b178,  ./htm/00612286.htm
836b65eb2b020d1f5e934a3aa3b49a36,  ./htm/00624792.htm
12945e2115148815e6abb050fe8f44ef,  ./htm/00614098.htm
de22e467a118f2d0c2037f9394b4369b,  ./htm/00627700.htm
3c9795ecbe9c3df4a3fefc0dd78faeef,  ./htm/00616967.htm
2e534504634aa1a6bf81c8f7a8b91b1e,  ./htm/00628866.htm
0b9d79fce6e36799054459df13e4801b,  ./htm/00613016.htm
73234fe98db14ffa88b924dbf15bdce7,  ./htm/00620180.htm
0a4a8fb7a23476b08a08ec69431b3abd,  ./htm/00625704.htm
7d6d772dbc112814c1f5255601f1b583,  ./htm/00625786.htm
1e03764901c6db8dcb4285c2ae1028b8,  ./htm/00620905.htm
912d0db7c23911ad69246351c1b949e3,  ./htm/00624737.htm
31c49a367a0b37dd8d774cb12387e5ae,  ./htm/00629062.htm
5df329ff8f781db76a7a9dd229669d2a,  ./htm/00628714.htm
82ea7e0cc51632573133a442e4472efe,  ./htm/00102704.htm
e74660bd9e68c585a300d5b0a58a0042,  ./htm/00616485.htm
5d0e4283a0bf9c3aec04b9b0a55fe46f,  ./htm/00620438.htm
0b3fe0a295e1adc7ddd37112032a6394,  ./htm/00611923.htm
419c0285883c2c2d91c82258260f8332,  ./htm/00622999.htm
9f6e88236d56c0c5c9f5c92c9a466d6b,  ./htm/00614730.htm
3c9cb5940412c646ce66ac59ea5555db,  ./htm/00613536.htm
0beacc66a37a0e30c8c263c65e3cd5ad,  ./htm/00620650.htm
520eab757bf5a9daba199db8a2155dcf,  ./htm/00612721.htm
19e8aadf083a286194f82263aa79043a,  ./htm/00625624.htm
fddf59adac31b5f80682feca55544840,  ./htm/00620187.htm
a84ed2fdbc72570b64190fadf559df21,  ./htm/00612740.htm
85959d0f9712ab144368ff889aeb73f7,  ./htm/00613202.htm
7129b192822c7a69afbdc730e2eef86b,  ./htm/00622977.htm
9b39e25eb52e256d43d314fdfe763802,  ./htm/00623041.htm
adf9d397face261873d62e4038311965,  ./htm/00625949.htm
dc845457275cb9cce1e72076bb1097e9,  ./htm/00624367.htm
2828c480e4f83ff819887d176f94f7bf,  ./htm/00612053.htm
c9f539f132524151df267ca7b948c011,  ./htm/00616769.htm
8b0e871057d9dc6a8ee2e3a49d5d665c,  ./htm/00622042.htm
6f8726610ea54c8d3561a2a979b229d4,  ./htm/00619795.htm
400296c21a7d45f1b9b9a8a618664fa9,  ./htm/00627522.htm
e125670fca524f567767c580b608c52d,  ./htm/00620565.htm
47a38a3921a4e4902d8d017fac0162df,  ./htm/00620922.htm
b040466fbfdad6f8eeeb43a5e05e4833,  ./htm/00620936.htm
0a0d157c1a10f618f6ed6518fa1ad873,  ./htm/00618685.htm
925798a9df9776c8896d58ed1ea6555c,  ./htm/00628992.htm
ea1afc552145a595095e6d932a824a45,  ./htm/00621527.htm
27d0e952a05f31a424760568639d6e29,  ./htm/00615041.htm
4d18237ec76bf18d9cf4169a78c665ed,  ./htm/00618466.htm
0a4a8fb7a23476b08a08ec69431b3abd,  ./htm/00626698.htm
c85358385833ce9922918d1c292f7809,  ./htm/00623666.htm
87e6ae40782a81b81638474ad94053c3,  ./htm/00621188.htm
f66633c304d08a589e1f709d9086a9c7,  ./htm/00626190.htm
fe755d8a26ae60c0c49c7e7c9b30629f,  ./htm/00621791.htm
4a64fdd86f5a86963d9496ea763228ce,  ./htm/00622582.htm
c89c5164ee89e03d9f01dbcac7677f89,  ./htm/00624750.htm
f1ef98875042c25bde6f53a20a05e7db,  ./htm/00622049.htm
f1717cddc4cc7a05f428086e7f41ac91,  ./htm/00626596.htm
5699cdb03f5cc18966896a8cd05e3dc4,  ./htm/00616740.htm
b20273ca8abbdb86f53f42ab6778824b,  ./htm/00629147.htm
1b2f8b2e4b422e60da6a10a0d83a4162,  ./htm/00628453.htm
cf38fdbb1a67054f114417ead79c5e40,  ./htm/00616372.htm
203688c8419c09dd4d03f85adcb26a5e,  ./htm/00628052.htm
d47174c041b9be1f0cf35f7fc3a89de1,  ./htm/00629077.htm
d3b3a853dbfb6b2c6e213fc16c573c3c,  ./htm/00626564.htm
14a407948ab5cd5e4a15824edc052ca2,  ./htm/00625391.htm
cbcbb4d1bf7b1963cb5c67c371668562,  ./htm/00621110.htm
52aac11ec4342c4402f6a84a228c5fa2,  ./htm/00614648.htm
256ae3d74f749bcf425a37bd5dca3ab4,  ./htm/00627770.htm
13aaf13687fbd69fb753809b03af6344,  ./htm/00612949.htm
aeb235a025004f08403b083e1c1e8256,  ./htm/00619209.htm
d447f687a726b9688a24d8d35c397fa2,  ./htm/00614414.htm
2e9f9d0532abe604634a25b7ee60fc58,  ./htm/00623630.htm
b44c44eb980300ef1efa3abdf9335895,  ./htm/00628381.htm
bbce2b8eecbdbed2a1273df7790fe78f,  ./htm/00624824.htm
49210b524eb797ef1db2ec9670f3526c,  ./htm/00623777.htm
b28b67ac218b3004be99bd245dac7c8d,  ./htm/00614133.htm
8cca2fb3a7ebd84fa13b36442883250f,  ./htm/00619701.htm
4919eaa1b8b3e374ecfd7791dffbacc7,  ./htm/00625728.htm
ff8b6cf586e88e19855517261d955d38,  ./htm/00624244.htm
635e531a582793deefa25090a1805566,  ./htm/00623016.htm
08bbea3aa9c8b888bf39c1e8475c57ed,  ./htm/00624192.htm
bb2a84200018d8fc512239988d4723ef,  ./htm/00621028.htm
2104441eb1a75470441f5b88f5a67fe9,  ./htm/00624669.htm
97205ee2dc011e96a886a1ea0a19cfce,  ./htm/00629153.htm
4b6bd9199bbbfa6452e12bd465447f11,  ./htm/00621376.htm
22912c4070d12a27060349558ff5d45d,  ./htm/00619534.htm
0273098640ca6bb4f18fcd09a2b168d8,  ./htm/00618575.htm
6bc4610fff31da7616a1b3a04d2c8f29,  ./htm/00612017.htm
d91190d79cd10504c47e19cd141c4aff,  ./htm/00620000.htm
f7ef8ca237a20761270eb38aafbe7f1f,  ./htm/00623458.htm
00ca4e5a66a7722bd65c69d8bd1e6e1c,  ./htm/00617696.htm
f144f08b870e5bc0da1e3a565e18693d,  ./htm/00626224.htm
4e9531de8285f951f5a0008df3deef64,  ./htm/00624528.htm
ccf53a34002ae7f19ffae669e50a7846,  ./htm/00619294.htm
fa35e36bfdfbe6e418f3865260483232,  ./htm/00619139.htm
b65a0328ca6cc07b6489420fbe16258b,  ./htm/00619905.htm
277fc0d730dbb25704f40e1b0a1d9c01,  ./htm/00620218.htm
7d6d772dbc112814c1f5255601f1b583,  ./htm/00625978.htm
98cb212f8a94811edd12f191df8fd91c,  ./htm/00618192.htm
9f01b2b7e4e185bc12ae28b79a1efd93,  ./htm/00614421.htm
3861b39f44231b42241731d90659d10f,  ./htm/00613744.htm
0a4a8fb7a23476b08a08ec69431b3abd,  ./htm/00626694.htm
829793820314abbffbaebdab71ca897b,  ./htm/00622894.htm
a5f733f6c08241fe3e5f1c70faa62b65,  ./htm/00620326.htm
e74660bd9e68c585a300d5b0a58a0042,  ./htm/00616480.htm
170e205f686ebf02eaf4200e285d9de3,  ./htm/00616179.htm
dc4987ba45d525a6814f926282b134a9,  ./htm/00619247.htm
7d6d772dbc112814c1f5255601f1b583,  ./htm/00625973.htm
b0c517940ddd9d98ddc86ae2bc39a1d9,  ./htm/00615171.htm
49d4dce0f46b9c657328593b625ca099,  ./htm/00624116.htm
ea03e0dac56403919e0de133813009dc,  ./htm/00623260.htm
7492d846fd8743a0a6733b588da628ba,  ./htm/00613964.htm
a02bb2d349fb8d2431b01e5687713133,  ./htm/00613362.htm
c0133be78f26bdf0f2f953352762340b,  ./htm/00619991.htm
40f6f282737cc82a0381201ada2f0d35,  ./htm/00626080.htm
a3c8d6f200d47835bffbc25506e4dd21,  ./htm/00627924.htm
71dfa37802ae83b773999101231ca0de,  ./htm/00618704.htm
b0db4883f8619c87b108cb5614659d8f,  ./htm/00624989.htm
8f04762c4963df7f913d2b0be001d027,  ./htm/00623847.htm
e28ad3ddf57109fe833c12343740f415,  ./htm/00618447.htm
8f8a75884428ba43c49f89a94112bae3,  ./htm/00612608.htm
d99f552766cf18b34dd4936d694156e1,  ./htm/00621236.htm
83b9144631428fed62be408a3d22a580,  ./htm/00624360.htm
ba3c4f7c3c34ffcd54eba31c728ebac1,  ./htm/00621474.htm
8e6bcaf234bd569f0905b00ec3dca8df,  ./htm/00628084.htm
c0b67f6dc0329d927212abcbdde0753a,  ./htm/00618282.htm
0a4a8fb7a23476b08a08ec69431b3abd,  ./htm/00625708.htm
4d20969b626a4603dab8d729f8c25102,  ./htm/00612181.htm
08bbea3aa9c8b888bf39c1e8475c57ed,  ./htm/00624281.htm
ca266f6ea9720663a0791bf7f8875735,  ./htm/00613284.htm
7ff4be896c4d94071a3ceae5e5039fba,  ./htm/00627783.htm
644eefafc51faa05b911b2d3ce5a7a1e,  ./htm/00621639.htm
08b3d4f4ff3d32adc10a53fd89dd3bdc,  ./htm/00626096.htm
d0b9440a8df56bf73267a9db8cea4363,  ./htm/00613409.htm
5d207a842676f1e1a97d3768e2307021,  ./htm/00621962.htm
9a08d4ce34813ee9bb159ac331be7c47,  ./htm/00616864.htm
f717dbb98a81f20cdffbd254de9edff2,  ./htm/00625320.htm
3bd54f1ca0058ab083221d0e1dcbef9a,  ./htm/00622305.htm
42bc82ced2fd3040eeb405652ef0ad26,  ./htm/00612413.htm
e31eafeb5b778f1c622e62559811ec89,  ./htm/00626177.htm
c55a709264cf655acdfc26e2e620124c,  ./htm/00625195.htm
29d58a573baa50771c77ea0d075d8877,  ./htm/00619573.htm
fede6fa1d0365a392f1208be3716987f,  ./htm/00613806.htm
c7b06b5c153a9e22ae6297eaa3a3219e,  ./htm/00616581.htm
8669b2a2538fca6b06a68c74647059d2,  ./htm/00617961.htm
5a4d807e5896e85bd89a9c25d6e5daa7,  ./htm/00628389.htm
c06e0538ce54f31d059699e1aba99ab1,  ./htm/00620861.htm
cc6d22a8254235d8bff8984067406b51,  ./htm/00623169.htm
84ffe81b7e1ee50dbd956283dd32de2e,  ./htm/00619218.htm
665c585e8716c40ad6502546d6ecd3b2,  ./htm/00611723.htm
77fcb6a259166ae906ffd07d96152d01,  ./htm/00612914.htm
a0e6031f847f79027e2aaffcf0137ac4,  ./htm/00620614.htm
6461b9dfb8c551fc395edaf8f19b1640,  ./htm/00613404.htm
7f9b248e5b8a3aff3bcae45b8de7f257,  ./htm/00612029.htm
52279163aee60989ef9da954179c779b,  ./htm/00621593.htm
ab5d66b9e9f2c3cb8034e5479763dfda,  ./htm/00620982.htm
f83bcc66dc7ea090cce8913672d9dabc,  ./htm/00623370.htm
fe1d96b6d19e6cacc36107510880e5d6,  ./htm/00629129.htm
a4087f0f9fa96099beef8fb1ebb6e1b4,  ./htm/00626308.htm
13c9c56f8bd8b952f4f15e62a63a9a8a,  ./htm/00613492.htm
827a2c3ad5798ecc6fa936219849fa78,  ./htm/00614537.htm
6643580a9d19d494128eed1c0c1de4a5,  ./htm/00623842.htm
f1682fcbf7b68896208fdeb6e8a88873,  ./htm/00617406.htm
1c331041c1e35a1b5b68891f6f3e9315,  ./htm/00623516.htm
4d6e80981785419b6cc1d87cc4e25d48,  ./htm/00626011.htm
1a8424cd305283969b93262bed7dc9c5,  ./htm/00629141.htm
7febabfabdbce98e5359aa4cf28fbc3d,  ./htm/00618358.htm
34c6f44b32d01af952bda9744e9d69d6,  ./htm/00621153.htm
d39f872824c389f2e66ca47af737cb30,  ./htm/00627069.htm
597a3f6df3aa1847e56fc6dea60d0809,  ./htm/00621173.htm
70b10aea403d48e0303be2b6d9875443,  ./htm/00613461.htm
5ceb70f84e136c91c4260e5de5f57a64,  ./htm/00624274.htm
c351508250f40368a7e0dff18256cb98,  ./htm/00621162.htm
e748b4cbe448f5a08cb8dd2093e1ed3f,  ./htm/00612307.htm
313cc2a5427853610b67f4200229c20a,  ./htm/00623545.htm
a4f1a4a116a8a509f72f5e60ef658835,  ./htm/00623531.htm
750aa2701b0104062c3503d911295ac5,  ./htm/00627262.htm
2d3c9d69b764c44ec1305348d8107b6d,  ./htm/00615076.htm
e45f97090f4ca5047160e674df82d9ac,  ./htm/00618768.htm
2eaba314f804fe00430fce81d292b9c4,  ./htm/00629252.htm
019bff16558a63707b56ce2c0dc9ab2a,  ./htm/00622340.htm
5e409a3f2dd73afefd906bb33e901d2d,  ./htm/00612919.htm
e147f6695c2bd207d2bd684923b0c721,  ./htm/00621068.htm
fe5691e6c94a585a745711104610698a,  ./htm/00613416.htm
b51e0931b669e3d29268f9bf16f891da,  ./htm/00619313.htm
9937fd2999009fd263b5a90a76b3556a,  ./htm/00620792.htm
7e28ef46a655a0ad96cbdfdbcc0becd8,  ./htm/00624555.htm
7662ec2bef5a26bfa9473c58274ea7c9,  ./htm/00614065.htm
5c333be3e822f8c7f9da2841a5277530,  ./htm/00626344.htm
f3b7852214280199902f2cde2e94a304,  ./htm/00622177.htm
422270f681f23a7a6b1ffc444d80b468,  ./htm/00629159.htm
0727cbc4d52a8374d09b743193bd412f,  ./htm/00613043.htm
1209736aa8f09cfd3f361a871eb39504,  ./htm/00612965.htm
8b99e7b9b4ce8cc89ab5d60f1df3df85,  ./htm/00623191.htm
fbe04dec3970ee6aea69c1f5a4befa30,  ./htm/00626391.htm
11d2af4a0e228023687b5cdcea3cce3c,  ./htm/00620482.htm
d873f96ec2fd9f4e6cba81803e066a3f,  ./htm/00612958.htm
c8f1d5e8b87a2af6a433ce1d1fa22aa3,  ./htm/00621047.htm
dae5fc9ff93d04012cce61feb8a0a3b5,  ./htm/00628222.htm
948d1763b97c4bbfdb23555da45b56db,  ./htm/00624002.htm
58b97669af26e33cbd95992f7adb50df,  ./htm/00622316.htm
1c5c32da370a0b535adf13f482fb1050,  ./htm/00616723.htm
22268ae71816e00382192ba2688af142,  ./htm/00629072.htm
7feedfbb411e6793fb77a30c88fa25ad,  ./htm/00627668.htm
d381f7f23e5e504dedc281f1dde976c6,  ./htm/00624404.htm
c0fe0423fd00538fc2410ffa44fbaafd,  ./htm/00620915.htm
c0baa4f666c430cd0c85375941ee218a,  ./htm/00617492.htm
aae5e1ce9b95d5509ed52c41ec9f67e0,  ./htm/00626147.htm
c19e35d84a22fbfc5c378f6bc5c38183,  ./htm/00618053.htm
fb65937db221ca9d124d61af7cd2dd3c,  ./htm/00613865.htm
fff324e9560591c7a8c3fe6c329e3820,  ./htm/00622235.htm
5469de3bb14af91defc0861b406b076d,  ./htm/00611874.htm
12bdae73ecb666f70072f4f077e0c7f2,  ./htm/00611749.htm
4187185f10426ae7cd396a5190059ea0,  ./htm/00612386.htm
909e9fe150a55edea587670e0081bf71,  ./htm/00618542.htm
c8c723bf0e944cb24b24cac55b280f85,  ./htm/00621581.htm
373b6602d00cefd112d5d1ecba70361d,  ./htm/00625564.htm
38264e5762099debd431f7a32636ac88,  ./htm/00627646.htm
9d87705c6040697cb00a77752946352e,  ./htm/00624046.htm
bc31d325da36626b945e82ce79342030,  ./htm/00620289.htm
099c5877ec8fdc9e4c247a0c91219e90,  ./htm/00617860.htm
eb386174a2a2c8519319b23e5a309118,  ./htm/00619547.htm
702bd9df904d087d77c1c88d8014d9ce,  ./htm/00612127.htm
5808673c7d53cbe4bc1ade9ba1cd7788,  ./htm/00625914.htm
4f9240e353213b790877433d4be76c90,  ./htm/00613632.htm
4db342641ecf4a53f5e1cd57c22ea8b0,  ./htm/00618671.htm
819ad3e1496c35e1208d68f208aae1cc,  ./htm/00621699.htm
7ff535db04c631d9d0eb1083fc444a75,  ./htm/00620957.htm
99d09c3028bde182a30f72eb8e13cf79,  ./htm/00623693.htm
71c409f0b0b66fe862d8002206afea7f,  ./htm/00616525.htm
c6185ced057ba6c61b5a86df6f23d37a,  ./htm/00619306.htm
b4c3620afa0b86f3c2118a61a559ea58,  ./htm/00614026.htm
d1ca54398ca69171ac812e470cf2cd36,  ./htm/00612450.htm
ff43b51694cce0cdb81b147f744383e6,  ./htm/00625547.htm
6524160baba36e349691f9cbf606e504,  ./htm/00627397.htm
fc7d4960380bb2cb42c27f41e46a17c1,  ./htm/00621758.htm
989f41d3bca0d810b4053ec170e0059a,  ./htm/00618249.htm
169a300534e56ee42079677266b3b14d,  ./htm/00627551.htm
4f9240e353213b790877433d4be76c90,  ./htm/00613629.htm
2fd80cd08e6699860ecff23db83d5d9c,  ./htm/00621515.htm
35876856a131d4bd262eb156516073e5,  ./htm/00626554.htm
369cc95dd7e25a920b9748ab4672870c,  ./htm/00612541.htm
2aa92c24f822f8f45c36866a5d9f6720,  ./htm/00617055.htm
82f47e9100eb0e2bff7ba7665a4145dc,  ./htm/00616563.htm
c4f0f381142d0ef42dde802840541b80,  ./htm/00622458.htm
f3b253051f32af53ec06e4e53898e48c,  ./htm/00625049.htm
f777303695921210cebac13b7294d693,  ./htm/00621004.htm
9ff3d5517eb5d19c1f0d0b795e0b1b65,  ./htm/00629081.htm
e2427b728a5f666b944620cfa086dcb9,  ./htm/00621415.htm
43ac42e7fbffbf8089f62092934c162e,  ./htm/00202488.htm
5cb275b87d2e87604eb1b39894c2d7fd,  ./htm/00628686.htm
1532039ef56244967534e035be7fdbc8,  ./htm/00627578.htm
0201f4bdce48bb788e8a094d08411cbf,  ./htm/00628678.htm
7d6d772dbc112814c1f5255601f1b583,  ./htm/00625781.htm
5dd1eabdccda218e708a0960d76dbb78,  ./htm/00623643.htm
5ce7a1dc80dcfc7ba90e8ebc26cd1dc7,  ./htm/00625683.htm
eb1482427c1f166c4b7a42d5c1c2b605,  ./htm/00628375.htm
b227567c7222c088f6468d0ea9b31fe5,  ./htm/00628951.htm
aac13d896954a3c7906cc5a442ca3163,  ./htm/00621652.htm
72e540e4567b6039512af995cebd7dbb,  ./htm/00626730.htm
a9eb4855a53a94cefb494a15adfea88f,  ./htm/00626181.htm
afeda53e637137f01e176593301e6c77,  ./htm/00615050.htm
6b07ded8b08d8d890169581b7436f6f9,  ./htm/00613000.htm
b9a00d6f602965791df77c2f471df3e2,  ./htm/00620837.htm
dd4c3c554dbc53ff326862fa5c96e8af,  ./htm/00623576.htm
6538b0978cf6177fe8dfd0226dd0e7bd,  ./htm/00627975.htm
e6cb5975ebd6dab45a240e9a179c4e25,  ./htm/00612424.htm
5d75e97f37ebf5d5b661c9fd68bc6478,  ./htm/00624512.htm
7f86ea9ac7d64a70a1f3ea9891de3473,  ./htm/00624432.htm
07698f2881a48b2fc620d80b0b1db84a,  ./htm/00623441.htm
4d18237ec76bf18d9cf4169a78c665ed,  ./htm/00618460.htm
a82c53a9b5ee04e1cd37d8fe541d4b0e,  ./htm/00618959.htm
6a32766fade2d04df2ec6f9de87ef720,  ./htm/00620391.htm
0b70f7a70632a8487308f59957e3b580,  ./htm/00629204.htm
82084d63de1785a73ecbec1c954890f6,  ./htm/00627679.htm
7b169084edac35bf188818e359e3f406,  ./htm/00629182.htm
73943da9a81365cc1e3ea9d2ea1d5f03,  ./htm/00628159.htm
e5374e41caf1f8eb093c3a02c14ebd4f,  ./htm/00623875.htm
8538381b0725f993e570bf24f3affa84,  ./htm/00616473.htm
72be41aa0926689d8e146f538143b9fa,  ./htm/00628773.htm
b0db4883f8619c87b108cb5614659d8f,  ./htm/00625002.htm
854d356423e98b0cd45267e3164e85d4,  ./htm/00612833.htm
1ca3fb5fe68a62bacc3c95c5d679097a,  ./htm/00620092.htm
a542d0e97016e9c45f20e6a1d918f56e,  ./htm/00619917.htm
ad7cd43495b11ea73f47ef45a3769d68,  ./htm/00621904.htm
52a55f29bfe4fbdeb715bd8d0fe34597,  ./htm/00625540.htm
bad72c6b1fbcbec0cd8b25b7198eb023,  ./htm/00624685.htm
5d207a842676f1e1a97d3768e2307021,  ./htm/00621953.htm
7befd0f96b54d65b55b5f8b7f6798add,  ./htm/00620992.htm
445e0ca43911006d44426b978fabcad1,  ./htm/00628822.htm
6461b9dfb8c551fc395edaf8f19b1640,  ./htm/00613356.htm
be7926cb68c6da0622239fba687d2c08,  ./htm/00616193.htm
66a68cdc58f6fdd3218b16bdfe443018,  ./htm/00612187.htm
58b0e79a9e99dac672cde2da955ebe16,  ./htm/00627601.htm
f9fe8ffb3adb231463db6b89104657be,  ./htm/00618307.htm
1b15d152587fa18d565d99128ad3659b,  ./htm/00621508.htm
db397e4322175d4fcdbc86431a494b13,  ./htm/00620045.htm
686325e6d634f51323fb65f4d12067e9,  ./htm/00625492.htm
8ece51911fcdc4ee4143ccb5e99cac0f,  ./htm/00626119.htm
ad6af93930f22e26cfaf9eaab3f2b18f,  ./htm/00612586.htm
144ea00914d4f7c3270611095b395e72,  ./htm/00626520.htm
998ebdbd50017f6bc13838c63b638340,  ./htm/00617474.htm
d89be28ce7260986551e3c22049d7474,  ./htm/00627299.htm
ccc0f7869d2092d0e4ae436a7a391e17,  ./htm/00627188.htm
5b8dc9667e70d8bace05f8bc30511615,  ./htm/00620059.htm
205c2fb640282088e8d11171b656adf1,  ./htm/00614090.htm
64cfb1fe34ab984971c9a9ab0e23dd89,  ./htm/00624727.htm
8b99e7b9b4ce8cc89ab5d60f1df3df85,  ./htm/00623195.htm
526e798483858f778c2f71561735acaf,  ./htm/00624342.htm
5f406af85a3ab6f9f5330bc0da994c0b,  ./htm/00620489.htm
07866f20f295ce13eb4e8b620a8647cd,  ./htm/00619463.htm
f93e9e3a712b700464d9afb6752cf8d6,  ./htm/00613997.htm
a9e5ee8f8be6fc9a72e490077d30db5e,  ./htm/00627441.htm
944f980d3dfcf8bb3ff7050619c95ca6,  ./htm/00618751.htm
484eb4230645c2a61beac7727a1c91eb,  ./htm/00626273.htm
0488ea52ca184c5bec4a5cbefa21b990,  ./htm/00623004.htm
5f3d647ab43c183c82938980b9a5491d,  ./htm/00621931.htm
92bec48c6e051b6949ff71a77af481c2,  ./htm/00611814.htm
8e84e34eedf7ade149701e2d55c794c3,  ./htm/00624454.htm
6cd3f2a513a21d208eede303a2699296,  ./htm/00628216.htm
bb5e66062e9843f94ed4a6d0a52f9537,  ./htm/00612260.htm
6ef7305f74246c5557acc8543a40ca5c,  ./htm/00622414.htm
dfa3ce6f8633260d4681901b5a8f1c41,  ./htm/00207714.htm
8e1441f2e88a7aee96845bd396c4d3ca,  ./htm/00616288.htm
1e5ee0cf2705ced58e2477c55da3dd47,  ./htm/00621840.htm
0a4a8fb7a23476b08a08ec69431b3abd,  ./htm/00626022.htm
852563b02764c438acc4a172e031c4b7,  ./htm/00624378.htm
8fde9b57f872943378ecc59584891a9a,  ./htm/00613618.htm
a912f7a497842661e5503279da84d501,  ./htm/00620570.htm
a95ab670b40e206c31de2471886b784e,  ./htm/00623395.htm
fb4ccf053e2940d0f4b1d4e0ee8029f5,  ./htm/00614455.htm
7ede39af55c3db79ec30f51c130f4def,  ./htm/00612408.htm
76e56e438f6b51f822b1a07f77e00eb6,  ./htm/00628884.htm
d52220a4a8edd9086cf2d2c3d0b80c82,  ./htm/00629120.htm
e67dfee68a5719a538b93ec9e7e8879b,  ./htm/00628673.htm
1d9a8e1fa70f17b076fc04f5f92ff461,  ./htm/00622194.htm
213589b81706e2082705d7eac34f80c4,  ./htm/00616499.htm
406965024bf2dc4582ad05bcf8968bb1,  ./htm/00617303.htm
9250d789013ec3a19606bebb548f2e78,  ./htm/00618012.htm
aeb1d0d868e084d1d18dc23afa66a54e,  ./htm/00627861.htm
dc3e31d2317ed2d023ae7316a236d477,  ./htm/00626028.htm
c9400e2109cd9181a61f4b8d90a3ddbe,  ./htm/00622094.htm
118ffc26f110321acef729fb1f4cf067,  ./htm/00625590.htm
083299fff0da45c54de30a1b8620075e,  ./htm/00623242.htm
690c2f3ffd7c7ab19c02d11484d6c0f8,  ./htm/00616367.htm
dacb209adbf7c74483fb139f2e8518c8,  ./htm/00102682.htm
0067ec59ccd623644d84810cf46dbc31,  ./htm/00290518.htm
9f4513b77df3119c2a57654de5c555ee,  ./htm/00625888.htm
94ed02ec201ded1e3fe213a07bb866e7,  ./htm/00619790.htm
e41ec188a9398ec509c8c60914724513,  ./htm/00616273.htm
89f2eabcc8d74ce83400a4b238811113,  ./htm/00619601.htm
fc6957bcf1e87fc728da3b63c1aea02a,  ./htm/00620585.htm
57af6e8e20bd000a7092e621e787fd08,  ./htm/00623523.htm
94d9dbc41012ec34bfd636ce0e876122,  ./htm/00613050.htm
9ffa9b71ac8a823209d898af0c0b690b,  ./htm/00628416.htm
0e6dadce3b1c3c69861aea082d5d2852,  ./htm/00624595.htm
8606570bae455039d747dad56e876f4e,  ./htm/00620713.htm
fba07cb8a2db5003124e4e8d6bbbbbc0,  ./htm/00628618.htm
4d5294b1f8674311959afe53618c1dd3,  ./htm/00623792.htm
319be71953c5ec2a1fdced51526ce5cd,  ./htm/00615185.htm
ca1f1bd1fbabf0c3f2075aeda60b7546,  ./htm/00628353.htm
858f2fee30b39c2be72f275d23834596,  ./htm/00625012.htm
289c1d82f5e2e908cfed81a4a64f3236,  ./htm/00627332.htm
f354b34981c9b52f489cd1b547dd5336,  ./htm/00619055.htm
02008930b00b2504a782592c4751fb8f,  ./htm/00623603.htm
4f9240e353213b790877433d4be76c90,  ./htm/00613274.htm
d2206719eb3b6c1dcf5eed6f0cf92cf1,  ./htm/00626066.htm
8b68e7142f1c6a97fedf1edd23f323b3,  ./htm/00617866.htm
ea1ceb60875e29b8b9024f4d74f7cee3,  ./htm/00612086.htm
83c240e38762ce61080a4c65dc538d9c,  ./htm/00628280.htm
257e38fc741c749048e531dff060c2ad,  ./htm/00622066.htm
386bc33e334a5721fbe47ab724536646,  ./htm/00611971.htm
70b7965efd02dde1c8cfaa0196ebb482,  ./htm/00625655.htm
66919e619580da6116cebc0bc666b3ad,  ./htm/00620422.htm
0b8896e550008fcf33e410a0a1dcc72a,  ./htm/00625295.htm
2db1680e1bb83195a9fec6d10eba4acf,  ./htm/00626369.htm
23c21c932cc4d368f0a5d7ff00827394,  ./htm/00624583.htm
cfd01de873ebeef9e983114f07922d96,  ./htm/00627126.htm
9844c2ad4e3f1b0b821e3cd939ab1c12,  ./htm/00615995.htm
9e6446e3e78baa46f47f965fcf79d4a0,  ./htm/00621427.htm
d5098b36a6dd6e0d33e46f1fc5a2099f,  ./htm/00612936.htm
b0db4883f8619c87b108cb5614659d8f,  ./htm/00624994.htm
40bf127ed353ac9d508daa5de4940667,  ./htm/00613682.htm
64d422a4cc5a70e1fb8e3b5d616641ab,  ./htm/00612348.htm
28e0fdf443aefd37c4a2075b77ba096e,  ./htm/00623923.htm
eb2dd98824801fbf4b7b4a41c43973a7,  ./htm/00616255.htm
1c98ae4703030bc351946f6f6938a552,  ./htm/00616016.htm
8cb508a07e69b107a237a5c4111b701d,  ./htm/00612358.htm
e897a7d1959161c7b75159bd617fe9e7,  ./htm/00615106.htm
de10cab9e6dad1d62108fbc04b596cf7,  ./htm/00618910.htm
c3be1056b6fc124450776697e449062b,  ./htm/00627942.htm
df1232a140d2274baa8dfec19581943f,  ./htm/00618453.htm
f854a7cc4e5488fc356abbdca173035e,  ./htm/00625512.htm
f4b76c28b66e65204935e8225ccdefe1,  ./htm/00624081.htm
4c73109261e5efcfe87f479adb40626a,  ./htm/00621132.htm
1051eb4f3837b1ebae83c0bf32b6246e,  ./htm/00625435.htm
b1c7688f6d326b62b551cf63167b5456,  ./htm/00626721.htm
312d1803442f32428e5de7b26742d168,  ./htm/00625499.htm
ad610ef1c3160878dcee82f18f5a8041,  ./htm/00627985.htm
f25c823e52efa6af36385ca4afabc242,  ./htm/00614138.htm
39e109e8c725bfd58a7b03ecc1a31027,  ./htm/00619300.htm
15d2bf041b70e1e019ceb8e7c7d283d2,  ./htm/00612571.htm
1890e3b0e8bf242af6103f503863bc3d,  ./htm/00614085.htm
6d6168cb69f69e8000c1efd8688f4bcf,  ./htm/00627738.htm
6db03421aaf635315a4c731db914df85,  ./htm/00622938.htm
37bb6709540e92213b7daf29584fb9b9,  ./htm/00624355.htm
fede6fa1d0365a392f1208be3716987f,  ./htm/00613922.htm
d0ffb00b91e99f5b57f1086726bd80d7,  ./htm/00613623.htm
10b10cbefc6bb96fd01890dcbcc0292d,  ./htm/00617546.htm
244ef265d4a217d1b14cafeb7609c77f,  ./htm/00611897.htm
ef397a172a7754650a67401c15bca30f,  ./htm/00622539.htm
53ad248a38fda8e29b906c59df82037a,  ./htm/00618862.htm
46a5baf075abbe930fd6a4df7a022208,  ./htm/00617416.htm
2c9c4817957c1eedc3c843c019b14b15,  ./htm/00617930.htm
406e3f41ef7a079bc4e14156eaaa4de6,  ./htm/00616044.htm
7286945285b7515ad856a9d6ce24f6a6,  ./htm/00620251.htm
dda2dc5bd72ca9c44814bd289f0dde97,  ./htm/00619018.htm
9c37a4e24745e3f893aa95741e7a47fa,  ./htm/00628929.htm
e2cfd0fec6cdb516d619b47a1c67e5f3,  ./htm/00626574.htm
4791d856823d94d52072f1e6070e20ed,  ./htm/00614667.htm
210cc03232cf6f84018f221aa284a354,  ./htm/00627362.htm
1b53c0307d223e51d2a47be8be82348a,  ./htm/00618031.htm
99efe19c8c24fda415e1200443d36e59,  ./htm/00628510.htm
0a4a8fb7a23476b08a08ec69431b3abd,  ./htm/00626017.htm
347a8c4276f94c7451921480b7069f77,  ./htm/00620405.htm
2b2c0f28649f69ec784268a3b937f280,  ./htm/00614571.htm
ef573200e0334648f98b93425721a7f9,  ./htm/00617684.htm
cd23acd02ba62335373c16b778c08dd4,  ./htm/00623419.htm
b8ce28304883985d8795b1c8dd918a5b,  ./htm/00612632.htm
2f7d0daaa99aa9842c973bd49b71eeef,  ./htm/00616113.htm
83a087c4f9e9a9b06966b86ba4a32c12,  ./htm/00614693.htm
ce2f452d05d4a7c219a103c3a4d7aac0,  ./htm/00627157.htm
b0db4883f8619c87b108cb5614659d8f,  ./htm/00624998.htm
362ac522df8c25700252a58a42d91077,  ./htm/00627110.htm
2373c85344ba7a6a8a9b0786352c1af8,  ./htm/00616974.htm
c4f0f381142d0ef42dde802840541b80,  ./htm/00622445.htm
2689c8e4b4120cc4a39fd13064837abb,  ./htm/00619503.htm
d6cc89c727356bab7a7005bea131adcf,  ./htm/00624882.htm
d0dfed847d5df3324d90dc60d982f89d,  ./htm/00624902.htm
4967a234f5411ddd2edb03279ae1add5,  ./htm/00620026.htm
a2ed21fcf260e3bc948def0fdf9f4297,  ./htm/00617154.htm
6c52593050f227ccf2eaca70190eb391,  ./htm/00612294.htm
0653eaed48c83df3605a6f1264ed70a8,  ./ole/00083486.ole
60f2f4fa52be101921e18f8023b3a8b4,  ./jpg/00649204.jpg
2165e2c3e9e1aa02704c99a003502c2e,  ./jpg/00350010.jpg
722b73535091761718fd33d98c327212,  ./jpg/00520400.jpg
4f05870fb99ea15701522fa6d8231f73,  ./jpg/00591723.jpg
f5ada35ebe53665648832de6d42237c6,  ./jpg/00089029.jpg
2880fe41681367bdb8216ad97ed89816,  ./jpg/00592521.jpg
e1333192160467c89bc92698409d0302,  ./jpg/00444785.jpg
ed35161f87f8c62151de714fb4379cf9,  ./jpg/00593032.jpg
57c0db17d007a57f96f6fd280d1ff189,  ./jpg/00591405.jpg
dad8e31f32e896ca6e25fe8215cd9aef,  ./jpg/00592982.jpg
4ca866c46940edea9fce04ae01d7dede,  ./jpg/00446112.jpg
96344a69095242fbc1753b8e4bfd7c59,  ./jpg/00335096.jpg
6776f73d0277d5905619541b023c4cd3,  ./jpg/00592866.jpg
a981f811838499ac6478ce4748b35026,  ./jpg/00087716.jpg
bdb67d526a77e589824f5ac4c5f46a40,  ./jpg/00254789.jpg
0f56b831a6791fefc8de22464b70c309,  ./jpg/00336372.jpg
d72562ea10d4bf43de817952b014ec82,  ./jpg/00343552.jpg
5452fafcc03063e96576c1b0b182cc92,  ./jpg/00592032.jpg
6bb75b6fd6eb8035922eb8ae29dc92cd,  ./jpg/00648613.jpg
3ba6c20ae65dae89b7ea4eb998b4c0d9,  ./jpg/00592817.jpg
70fe433029d2488f2e89dae4969645ee,  ./jpg/00592159.jpg
12383efca1991e1230b22c65a8af3086,  ./jpg/00592413.jpg
edac869153d3f8484c8ba744d2f5892e,  ./jpg/00070034.jpg
421a0d9230ba2222fb576a0c7994a350,  ./jpg/00093780.jpg
1ba20338c8ef30328d3b10394854beff,  ./jpg/00057145.jpg
b13d401ed5374928ef0b5b5099043590,  ./jpg/00591867.jpg
6ea83857eab9adf1ddf823658b625587,  ./jpg/00592330.jpg
3440a0169740b80f5fcff4cb8641a210,  ./pdf/00201618.pdf
4b978b546fb3f0ec54c71aef62107771,  ./exe/00641850.exe
55a7528a352919da2f2b250a5b95d8eb,  ./exe/00640620.exe
f6dfd0ad27e586d36680deef362319cc,  ./exe/00371762.exe
89f1fb781a4c8499a3927bb49b179912,  ./exe/00596790.exe
cafd8d53a2826ca0c111aa683de2ba0c,  ./exe/00361725.exe
067625033b3a6232cf01a4b30d4f11ee,  ./zip/00357626.zip
a962bd7b65aeaeebac93a3d75415526c,  ./wmv/00185369.wmv
4cad88b6b8554321a5e534d340814ef0,  ./mpg/00633741.mpg
40f852c29b120298cb223d2849b9cd4b,  ./mpg/00598557.mpg
ad0488cdcd3cbdb02043426abed8d138,  ./mpg/00220449.mpg
71d5038bedd18f8f5b5edd15c986f879,  ./mpg/00291114.mpg
c4b0164f5f500a9b81a58e4034bec565,  ./mpg/00102857.mpg
16c5072d72d381b51d7eb766fa09d361,  ./mpg/00210073.mpg
c579b88e7622d98d322f5531eb730fd0,  ./avi/00020014.avi
9e573b59c43555e5251e7e5967eb8522,  ./avi/00259227.avi